slug,url,in_db
uudrt-no-1-tahun-1959,https://peraturan.go.id/id/uudrt-no-1-tahun-1959,N
uudrt-no-2-tahun-1959,https://peraturan.go.id/id/uudrt-no-2-tahun-1959,N
uudrt-no-3-tahun-1959,https://peraturan.go.id/id/uudrt-no-3-tahun-1959,N
uudrt-no-4-tahun-1959,https://peraturan.go.id/id/uudrt-no-4-tahun-1959,N
uudrt-no-5-tahun-1959,https://peraturan.go.id/id/uudrt-no-5-tahun-1959,N
uudrt-no-6-tahun-1959,https://peraturan.go.id/id/uudrt-no-6-tahun-1959,N
uudrt-no-7-tahun-1959,https://peraturan.go.id/id/uudrt-no-7-tahun-1959,N
uudrt-no-1-tahun-1958,https://peraturan.go.id/id/uudrt-no-1-tahun-1958,N
uudrt-no-2-tahun-1958,https://peraturan.go.id/id/uudrt-no-2-tahun-1958,N
uudrt-no-3-tahun-1958,https://peraturan.go.id/id/uudrt-no-3-tahun-1958,N
uudrt-no-4-tahun-1958,https://peraturan.go.id/id/uudrt-no-4-tahun-1958,N
uudrt-no-5-tahun-1958,https://peraturan.go.id/id/uudrt-no-5-tahun-1958,N
uudrt-no-6-tahun-1958,https://peraturan.go.id/id/uudrt-no-6-tahun-1958,N
uudrt-no-7-tahun-1958,https://peraturan.go.id/id/uudrt-no-7-tahun-1958,N
uudrt-no-8-tahun-1958,https://peraturan.go.id/id/uudrt-no-8-tahun-1958,N
uudrt-no-1-tahun-1957,https://peraturan.go.id/id/uudrt-no-1-tahun-1957,N
uudrt-no-2-tahun-1957,https://peraturan.go.id/id/uudrt-no-2-tahun-1957,N
uudrt-no-3-tahun-1957,https://peraturan.go.id/id/uudrt-no-3-tahun-1957,N
uudrt-no-4-tahun-1957,https://peraturan.go.id/id/uudrt-no-4-tahun-1957,N
uudrt-no-5-tahun-1957,https://peraturan.go.id/id/uudrt-no-5-tahun-1957,N
uudrt-no-6-tahun-1957,https://peraturan.go.id/id/uudrt-no-6-tahun-1957,N
uudrt-no-7-tahun-1957,https://peraturan.go.id/id/uudrt-no-7-tahun-1957,N
uudrt-no-8-tahun-1957,https://peraturan.go.id/id/uudrt-no-8-tahun-1957,N
uudrt-no-9-tahun-1957,https://peraturan.go.id/id/uudrt-no-9-tahun-1957,N
uudrt-no-10-tahun-1957,https://peraturan.go.id/id/uudrt-no-10-tahun-1957,N
uudrt-no-11-tahun-1957,https://peraturan.go.id/id/uudrt-no-11-tahun-1957,N
uudrt-no-12-tahun-1957,https://peraturan.go.id/id/uudrt-no-12-tahun-1957,N
uudrt-no-13-tahun-1957,https://peraturan.go.id/id/uudrt-no-13-tahun-1957,N
uudrt-no-14-tahun-1957,https://peraturan.go.id/id/uudrt-no-14-tahun-1957,N
uudrt-no-15-tahun-1957,https://peraturan.go.id/id/uudrt-no-15-tahun-1957,N
uudrt-no-16-tahun-1957,https://peraturan.go.id/id/uudrt-no-16-tahun-1957,N
uudrt-no-17-tahun-1957,https://peraturan.go.id/id/uudrt-no-17-tahun-1957,N
uudrt-no-18-tahun-1957,https://peraturan.go.id/id/uudrt-no-18-tahun-1957,N
uudrt-no-19-tahun-1957,https://peraturan.go.id/id/uudrt-no-19-tahun-1957,N
uudrt-no-20-tahun-1957,https://peraturan.go.id/id/uudrt-no-20-tahun-1957,N
uudrt-no-21-tahun-1957,https://peraturan.go.id/id/uudrt-no-21-tahun-1957,N
uudrt-no-22-tahun-1957,https://peraturan.go.id/id/uudrt-no-22-tahun-1957,N
uudrt-no-23-tahun-1957,https://peraturan.go.id/id/uudrt-no-23-tahun-1957,N
uudrt-no-24-tahun-1957,https://peraturan.go.id/id/uudrt-no-24-tahun-1957,N
uudrt-no-25-tahun-1957,https://peraturan.go.id/id/uudrt-no-25-tahun-1957,N
uudrt-no-26-tahun-1957,https://peraturan.go.id/id/uudrt-no-26-tahun-1957,N
uudrt-no-27-tahun-1957,https://peraturan.go.id/id/uudrt-no-27-tahun-1957,N
uudrt-no-1-tahun-1956,https://peraturan.go.id/id/uudrt-no-1-tahun-1956,N
uudrt-no-2-tahun-1956,https://peraturan.go.id/id/uudrt-no-2-tahun-1956,N
uudrt-no-3-tahun-1956,https://peraturan.go.id/id/uudrt-no-3-tahun-1956,N
uudrt-no-4-tahun-1956,https://peraturan.go.id/id/uudrt-no-4-tahun-1956,N
uudrt-no-5-tahun-1956,https://peraturan.go.id/id/uudrt-no-5-tahun-1956,N
uudrt-no-6-tahun-1956,https://peraturan.go.id/id/uudrt-no-6-tahun-1956,N
uudrt-no-7-tahun-1956,https://peraturan.go.id/id/uudrt-no-7-tahun-1956,N
uudrt-no-8-tahun-1956,https://peraturan.go.id/id/uudrt-no-8-tahun-1956,N
uudrt-no-9-tahun-1956,https://peraturan.go.id/id/uudrt-no-9-tahun-1956,N
uudrt-no-1-tahun-1955,https://peraturan.go.id/id/uudrt-no-1-tahun-1955,N
uudrt-no-2-tahun-1955,https://peraturan.go.id/id/uudrt-no-2-tahun-1955,N
uudrt-no-3-tahun-1955,https://peraturan.go.id/id/uudrt-no-3-tahun-1955,N
uudrt-no-4-tahun-1955,https://peraturan.go.id/id/uudrt-no-4-tahun-1955,N
uudrt-no-5-tahun-1955,https://peraturan.go.id/id/uudrt-no-5-tahun-1955,N
uudrt-no-6-tahun-1955,https://peraturan.go.id/id/uudrt-no-6-tahun-1955,N
uudrt-no-7-tahun-1955,https://peraturan.go.id/id/uudrt-no-7-tahun-1955,N
uudrt-no-8-tahun-1955,https://peraturan.go.id/id/uudrt-no-8-tahun-1955,N
uudrt-no-9-tahun-1955,https://peraturan.go.id/id/uudrt-no-9-tahun-1955,N
uudrt-no-10-tahun-1955,https://peraturan.go.id/id/uudrt-no-10-tahun-1955,N
uudrt-no-11-tahun-1955,https://peraturan.go.id/id/uudrt-no-11-tahun-1955,N
uudrt-no-12-tahun-1955,https://peraturan.go.id/id/uudrt-no-12-tahun-1955,N
uudrt-no-13-tahun-1955,https://peraturan.go.id/id/uudrt-no-13-tahun-1955,N
uudrt-no-14-tahun-1955,https://peraturan.go.id/id/uudrt-no-14-tahun-1955,N
uudrt-no-15-tahun-1955,https://peraturan.go.id/id/uudrt-no-15-tahun-1955,N
uudrt-no-16-tahun-1955,https://peraturan.go.id/id/uudrt-no-16-tahun-1955,N
uudrt-no-17-tahun-1955,https://peraturan.go.id/id/uudrt-no-17-tahun-1955,N
uudrt-no-18-tahun-1955,https://peraturan.go.id/id/uudrt-no-18-tahun-1955,N
uudrt-no-19-tahun-1955,https://peraturan.go.id/id/uudrt-no-19-tahun-1955,N
uudrt-no-20-tahun-1955,https://peraturan.go.id/id/uudrt-no-20-tahun-1955,N
uudrt-no-1-tahun-1954,https://peraturan.go.id/id/uudrt-no-1-tahun-1954,N
uudrt-no-2-tahun-1954,https://peraturan.go.id/id/uudrt-no-2-tahun-1954,N
uudrt-no-3-tahun-1954,https://peraturan.go.id/id/uudrt-no-3-tahun-1954,N
uudrt-no-4-tahun-1954,https://peraturan.go.id/id/uudrt-no-4-tahun-1954,N
uudrt-no-5-tahun-1954,https://peraturan.go.id/id/uudrt-no-5-tahun-1954,N
uudrt-no-6-tahun-1954,https://peraturan.go.id/id/uudrt-no-6-tahun-1954,N
uudrt-no-7-tahun-1954,https://peraturan.go.id/id/uudrt-no-7-tahun-1954,N
uudrt-no-8-tahun-1954,https://peraturan.go.id/id/uudrt-no-8-tahun-1954,N
uudrt-no-9-tahun-1954,https://peraturan.go.id/id/uudrt-no-9-tahun-1954,N
uudrt-no-10-tahun-1954,https://peraturan.go.id/id/uudrt-no-10-tahun-1954,N
uudrt-no-11-tahun-1954,https://peraturan.go.id/id/uudrt-no-11-tahun-1954,N
uudrt-no-12-tahun-1954,https://peraturan.go.id/id/uudrt-no-12-tahun-1954,N
uudrt-no-1-tahun-1953,https://peraturan.go.id/id/uudrt-no-1-tahun-1953,N
uudrt-no-2-tahun-1953,https://peraturan.go.id/id/uudrt-no-2-tahun-1953,N
uudrt-no-3-tahun-1953,https://peraturan.go.id/id/uudrt-no-3-tahun-1953,N
uudrt-no-4-tahun-1953,https://peraturan.go.id/id/uudrt-no-4-tahun-1953,N
uudrt-no-5-tahun-1953,https://peraturan.go.id/id/uudrt-no-5-tahun-1953,N
uudrt-no-6-tahun-1953,https://peraturan.go.id/id/uudrt-no-6-tahun-1953,N
uudrt-no-7-tahun-1953,https://peraturan.go.id/id/uudrt-no-7-tahun-1953,N
uudrt-no-8-tahun-1953,https://peraturan.go.id/id/uudrt-no-8-tahun-1953,N
uudrt-no-9-tahun-1953,https://peraturan.go.id/id/uudrt-no-9-tahun-1953,N
uudrt-no-1-tahun-1952,https://peraturan.go.id/id/uudrt-no-1-tahun-1952,N
uudrt-no-2-tahun-1952,https://peraturan.go.id/id/uudrt-no-2-tahun-1952,N
uudrt-no-3-tahun-1952,https://peraturan.go.id/id/uudrt-no-3-tahun-1952,N
uudrt-no-4-tahun-1952,https://peraturan.go.id/id/uudrt-no-4-tahun-1952,N
uudrt-no-5-tahun-1952,https://peraturan.go.id/id/uudrt-no-5-tahun-1952,N
uudrt-no-6-tahun-1952,https://peraturan.go.id/id/uudrt-no-6-tahun-1952,N
uudrt-no-7-tahun-1952,https://peraturan.go.id/id/uudrt-no-7-tahun-1952,N
uudrt-no-8-tahun-1952,https://peraturan.go.id/id/uudrt-no-8-tahun-1952,N
uudrt-no-9-tahun-1952,https://peraturan.go.id/id/uudrt-no-9-tahun-1952,N
uudrt-no-10-tahun-1952,https://peraturan.go.id/id/uudrt-no-10-tahun-1952,N
uudrt-no-12-tahun-1952,https://peraturan.go.id/id/uudrt-no-12-tahun-1952,N
uudrt-no-13-tahun-1952,https://peraturan.go.id/id/uudrt-no-13-tahun-1952,N
uudrt-no-14-tahun-1952,https://peraturan.go.id/id/uudrt-no-14-tahun-1952,N
uudrt-no-15-tahun-1952,https://peraturan.go.id/id/uudrt-no-15-tahun-1952,N
uudrt-no-11-tahun-1952,https://peraturan.go.id/id/uudrt-no-11-tahun-1952,N
uudrt-no-1-tahun-1951,https://peraturan.go.id/id/uudrt-no-1-tahun-1951,N
uudrt-no-3-tahun-1951,https://peraturan.go.id/id/uudrt-no-3-tahun-1951,N
uudrt-no-4-tahun-1951,https://peraturan.go.id/id/uudrt-no-4-tahun-1951,N
uudrt-no-5-tahun-1951,https://peraturan.go.id/id/uudrt-no-5-tahun-1951,N
uudrt-no-6-tahun-1951,https://peraturan.go.id/id/uudrt-no-6-tahun-1951,N
uudrt-no-7-tahun-1951,https://peraturan.go.id/id/uudrt-no-7-tahun-1951,N
uudrt-no-8-tahun-1951,https://peraturan.go.id/id/uudrt-no-8-tahun-1951,N
uudrt-no-9-tahun-1951,https://peraturan.go.id/id/uudrt-no-9-tahun-1951,N
uudrt-no-10-tahun-1951,https://peraturan.go.id/id/uudrt-no-10-tahun-1951,N
uudrt-no-12-tahun-1951,https://peraturan.go.id/id/uudrt-no-12-tahun-1951,N
uudrt-no-13-tahun-1951,https://peraturan.go.id/id/uudrt-no-13-tahun-1951,N
uudrt-no-14-tahun-1951,https://peraturan.go.id/id/uudrt-no-14-tahun-1951,N
uudrt-no-15-tahun-1951,https://peraturan.go.id/id/uudrt-no-15-tahun-1951,N
uudrt-no-16-tahun-1951,https://peraturan.go.id/id/uudrt-no-16-tahun-1951,N
uudrt-no-17-tahun-1951,https://peraturan.go.id/id/uudrt-no-17-tahun-1951,N
uudrt-no-18-tahun-1951,https://peraturan.go.id/id/uudrt-no-18-tahun-1951,N
uudrt-no-19-tahun-1951,https://peraturan.go.id/id/uudrt-no-19-tahun-1951,N
uudrt-no-20-tahun-1951,https://peraturan.go.id/id/uudrt-no-20-tahun-1951,N
uudrt-no-21-tahun-1951,https://peraturan.go.id/id/uudrt-no-21-tahun-1951,N
uudrt-no-22-tahun-1951,https://peraturan.go.id/id/uudrt-no-22-tahun-1951,N
uudrt-no-23-tahun-1951,https://peraturan.go.id/id/uudrt-no-23-tahun-1951,N
uudrt-no-24-tahun-1951,https://peraturan.go.id/id/uudrt-no-24-tahun-1951,N
uudrt-no-25-tahun-1951,https://peraturan.go.id/id/uudrt-no-25-tahun-1951,N
uudrt-no-11-tahun-1951,https://peraturan.go.id/id/uudrt-no-11-tahun-1951,N
uudrt-no-2-tahun-1951,https://peraturan.go.id/id/uudrt-no-2-tahun-1951,N
uudrt-no-1-tahun-1950,https://peraturan.go.id/id/uudrt-no-1-tahun-1950,N
uudrt-no-2-tahun-1950,https://peraturan.go.id/id/uudrt-no-2-tahun-1950,N
uudrt-no-3-tahun-1950,https://peraturan.go.id/id/uudrt-no-3-tahun-1950,N
uudrt-no-4-tahun-1950,https://peraturan.go.id/id/uudrt-no-4-tahun-1950,N
uudrt-no-5-tahun-1950,https://peraturan.go.id/id/uudrt-no-5-tahun-1950,N
uudrt-no-6-tahun-1950,https://peraturan.go.id/id/uudrt-no-6-tahun-1950,N
uudrt-no-7-tahun-1950,https://peraturan.go.id/id/uudrt-no-7-tahun-1950,N
uudrt-no-8-tahun-1950,https://peraturan.go.id/id/uudrt-no-8-tahun-1950,N
uudrt-no-9-tahun-1950,https://peraturan.go.id/id/uudrt-no-9-tahun-1950,N
uudrt-no-10-tahun-1950,https://peraturan.go.id/id/uudrt-no-10-tahun-1950,N
uudrt-no-11-tahun-1950,https://peraturan.go.id/id/uudrt-no-11-tahun-1950,N
uudrt-no-12-tahun-1950,https://peraturan.go.id/id/uudrt-no-12-tahun-1950,N
uudrt-no-13-tahun-1950,https://peraturan.go.id/id/uudrt-no-13-tahun-1950,N
uudrt-no-14-tahun-1950,https://peraturan.go.id/id/uudrt-no-14-tahun-1950,N
uudrt-no-15-tahun-1950,https://peraturan.go.id/id/uudrt-no-15-tahun-1950,N
uudrt-no-16-tahun-1950,https://peraturan.go.id/id/uudrt-no-16-tahun-1950,N
uudrt-no-17-tahun-1950,https://peraturan.go.id/id/uudrt-no-17-tahun-1950,N
uudrt-no-18-tahun-1950,https://peraturan.go.id/id/uudrt-no-18-tahun-1950,N
uudrt-no-19-tahun-1950,https://peraturan.go.id/id/uudrt-no-19-tahun-1950,N
uudrt-no-20-tahun-1950,https://peraturan.go.id/id/uudrt-no-20-tahun-1950,N
uudrt-no-21-tahun-1950,https://peraturan.go.id/id/uudrt-no-21-tahun-1950,N
uudrt-no-22-tahun-1950,https://peraturan.go.id/id/uudrt-no-22-tahun-1950,N
uudrt-no-23-tahun-1950,https://peraturan.go.id/id/uudrt-no-23-tahun-1950,N
uudrt-no-24-tahun-1950,https://peraturan.go.id/id/uudrt-no-24-tahun-1950,N
uudrt-no-25-tahun-1950,https://peraturan.go.id/id/uudrt-no-25-tahun-1950,N
uudrt-no-26-tahun-1950,https://peraturan.go.id/id/uudrt-no-26-tahun-1950,N
uudrt-no-27-tahun-1950,https://peraturan.go.id/id/uudrt-no-27-tahun-1950,N
uudrt-no-28-tahun-1950,https://peraturan.go.id/id/uudrt-no-28-tahun-1950,N
uudrt-no-29-tahun-1950,https://peraturan.go.id/id/uudrt-no-29-tahun-1950,N
uudrt-no-30-tahun-1950,https://peraturan.go.id/id/uudrt-no-30-tahun-1950,N
uudrt-no-31-tahun-1950,https://peraturan.go.id/id/uudrt-no-31-tahun-1950,N
uudrt-no-32-tahun-1950,https://peraturan.go.id/id/uudrt-no-32-tahun-1950,N
uudrt-no-33-tahun-1950,https://peraturan.go.id/id/uudrt-no-33-tahun-1950,N
uudrt-no-34-tahun-1950,https://peraturan.go.id/id/uudrt-no-34-tahun-1950,N
uudrt-no-35-tahun-1950,https://peraturan.go.id/id/uudrt-no-35-tahun-1950,N
uudrt-no-36-tahun-1950,https://peraturan.go.id/id/uudrt-no-36-tahun-1950,N
uudrt-no-37-tahun-1950,https://peraturan.go.id/id/uudrt-no-37-tahun-1950,N
uudrt-no-38-tahun-1950,https://peraturan.go.id/id/uudrt-no-38-tahun-1950,N
uudrt-no-39-tahun-1950,https://peraturan.go.id/id/uudrt-no-39-tahun-1950,N
uudrt-no-40-tahun-1950,https://peraturan.go.id/id/uudrt-no-40-tahun-1950,N
uudrt-no-41-tahun-1950,https://peraturan.go.id/id/uudrt-no-41-tahun-1950,N
uudrt-no-42-tahun-1950,https://peraturan.go.id/id/uudrt-no-42-tahun-1950,N
uudrt-no-43-tahun-1950,https://peraturan.go.id/id/uudrt-no-43-tahun-1950,N
