slug,nomor,tahun,tentang,source_url,pdf_url,local_pdf_path
perppu-no-1-tahun-1946,1,1946,PERATURAN TENTANG SUSUNAN DEWAN PERTAHANAN DAERAH DALAM DAERAH ISTIMEWA,https://peraturan.go.id/id/perppu-no-1-tahun-1946,NO_PDF,
perppu-no-2-tahun-1946,2,1946,PERATURAN TENTANG PEMBENTUKAN BANK NEGARA,https://peraturan.go.id/id/perppu-no-2-tahun-1946,NO_PDF,
perppu-no-3-tahun-1946,3,1946,PERATURAN TENTANG KEWAJIBAN MENYIMPAN UANG DALAM BANK,https://peraturan.go.id/id/perppu-no-3-tahun-1946,NO_PDF,
perppu-no-4-tahun-1946,4,1946,PERATURAN TENTANG MENGADAKAN PERUBAHAN DALAM UNDANG-UNDANG TAHUN 1946 NO.6,https://peraturan.go.id/id/perppu-no-4-tahun-1946,NO_PDF,
perppu-no-10-tahun-1949,10,1949,--------------------------------------------------------,https://peraturan.go.id/id/perppu-no-10-tahun-1949,NO_PDF,
perppu-no-11-tahun-1949,11,1949,--------------------------------------------------------,https://peraturan.go.id/id/perppu-no-11-tahun-1949,NO_PDF,
perppu-no-12-tahun-1949,12,1949,--------------------------------------------------------,https://peraturan.go.id/id/perppu-no-12-tahun-1949,NO_PDF,
perppu-no-13-tahun-1949,13,1949,--------------------------------------------------------,https://peraturan.go.id/id/perppu-no-13-tahun-1949,NO_PDF,
perppu-no-14-tahun-1949,14,1949,--------------------------------------------------------,https://peraturan.go.id/id/perppu-no-14-tahun-1949,NO_PDF,
perppu-no-15-tahun-1949,15,1949,--------------------------------------------------------,https://peraturan.go.id/id/perppu-no-15-tahun-1949,NO_PDF,
perppu-no-16-tahun-1949,16,1949,--------------------------------------------------------,https://peraturan.go.id/id/perppu-no-16-tahun-1949,NO_PDF,
perppu-no-17-tahun-1949,17,1949,--------------------------------------------------------,https://peraturan.go.id/id/perppu-no-17-tahun-1949,NO_PDF,
perppu-no-18-tahun-1949,18,1949,--------------------------------------------------------,https://peraturan.go.id/id/perppu-no-18-tahun-1949,NO_PDF,
perppu-no-19-tahun-1949,19,1949,--------------------------------------------------------,https://peraturan.go.id/id/perppu-no-19-tahun-1949,NO_PDF,
perppu-no-20-tahun-1949,20,1949,--------------------------------------------------------,https://peraturan.go.id/id/perppu-no-20-tahun-1949,NO_PDF,
perppu-no-21-tahun-1949,21,1949,--------------------------------------------------------,https://peraturan.go.id/id/perppu-no-21-tahun-1949,NO_PDF,
perppu-no-22-tahun-1949,22,1949,--------------------------------------------------------,https://peraturan.go.id/id/perppu-no-22-tahun-1949,NO_PDF,
perppu-no-23-tahun-1949,23,1949,--------------------------------------------------------,https://peraturan.go.id/id/perppu-no-23-tahun-1949,NO_PDF,
perppu-no-24-tahun-1949,24,1949,--------------------------------------------------------,https://peraturan.go.id/id/perppu-no-24-tahun-1949,NO_PDF,
perppu-no-25-tahun-1949,25,1949,PENGESAHAN PERATURAN WAKIL PERDANA MENTERI PENGGANTI UNDANG-UNDANG,https://peraturan.go.id/id/perppu-no-25-tahun-1949,NO_PDF,
perppu-no-26-tahun-1949,26,1949,--------------------------------------------------,https://peraturan.go.id/id/perppu-no-26-tahun-1949,NO_PDF,
perppu-no-27-tahun-1949,27,1949,--------------------------------------------------,https://peraturan.go.id/id/perppu-no-27-tahun-1949,NO_PDF,
perppu-no-28-tahun-1949,28,1949,--------------------------------------------------,https://peraturan.go.id/id/perppu-no-28-tahun-1949,NO_PDF,
perppu-no-29-tahun-1949,29,1949,--------------------------------------------------,https://peraturan.go.id/id/perppu-no-29-tahun-1949,NO_PDF,
perppu-no-3-tahun-1949,3,1949,PENGESAHAN PERATURAN WAKIL PERDANA MENTERI PENGGANTI UNDANG-UNDANG,https://peraturan.go.id/id/perppu-no-3-tahun-1949,NO_PDF,
perppu-no-30-tahun-1949,30,1949,PENGESAHAN PERATURAN WAKIL PERDANA MENTERI PENGGANTI UNDANG-UNDANG,https://peraturan.go.id/id/perppu-no-30-tahun-1949,NO_PDF,
perppu-no-31-tahun-1949,31,1949,--------------------------------------------------,https://peraturan.go.id/id/perppu-no-31-tahun-1949,NO_PDF,
perppu-no-32-tahun-1949,32,1949,--------------------------------------------------,https://peraturan.go.id/id/perppu-no-32-tahun-1949,NO_PDF,
perppu-no-33-tahun-1949,33,1949,--------------------------------------------------,https://peraturan.go.id/id/perppu-no-33-tahun-1949,NO_PDF,
perppu-no-34-tahun-1949,34,1949,--------------------------------------------------,https://peraturan.go.id/id/perppu-no-34-tahun-1949,NO_PDF,
perppu-no-35-tahun-1949,35,1949,--------------------------------------------------,https://peraturan.go.id/id/perppu-no-35-tahun-1949,NO_PDF,
perppu-no-4-tahun-1949,4,1949,-----------------------,https://peraturan.go.id/id/perppu-no-4-tahun-1949,NO_PDF,
perppu-no-5-tahun-1949,5,1949,--------------------------------------------------------,https://peraturan.go.id/id/perppu-no-5-tahun-1949,NO_PDF,
perppu-no-6-tahun-1949,6,1949,--------------------------------------------------------,https://peraturan.go.id/id/perppu-no-6-tahun-1949,NO_PDF,
perppu-no-7-tahun-1949,7,1949,--------------------------------------------------------,https://peraturan.go.id/id/perppu-no-7-tahun-1949,NO_PDF,
perppu-no-8-tahun-1949,8,1949,--------------------------------------------------------,https://peraturan.go.id/id/perppu-no-8-tahun-1949,NO_PDF,
perppu-no-9-tahun-1949,9,1949,--------------------------------------------------------,https://peraturan.go.id/id/perppu-no-9-tahun-1949,NO_PDF,
perppu-no-1-tahun-1959,1,1959,PEMBENTUKAN BANK UMUM NEGARA,https://peraturan.go.id/id/perppu-no-1-tahun-1959,https://peraturan.go.id/files/perpu1tahun1959.pdf,
perppu-no-10-tahun-1959,10,1959,PENAMBAHAN BEA BALIK NAMA,https://peraturan.go.id/id/perppu-no-10-tahun-1959,https://peraturan.go.id/files/PERPUNomor10Tahun1959_PERPUNomor10Tahun1959.pdf,
perppu-no-11-tahun-1959,11,1959,PAJAK HASIL BUMI,https://peraturan.go.id/id/perppu-no-11-tahun-1959,https://peraturan.go.id/files/PERPUNomor11Tahun1959_PERPUNomor11Tahun1959.pdf,
perppu-no-12-tahun-1959,12,1959,PAJAK DIVIDEN,https://peraturan.go.id/id/perppu-no-12-tahun-1959,https://peraturan.go.id/files/PERPUNomor12Tahun1959_PERPUNomor12Tahun1959.pdf,
perppu-no-13-tahun-1959,13,1959,PENGUBAHAN DAN TAMBAHAN ORDONANSI PAJAK PERSEROAN 1925 (STAATSBLAD 1925 NO. 319),https://peraturan.go.id/id/perppu-no-13-tahun-1959,https://peraturan.go.id/files/PERPUNomor13Tahun1959_PERPUNomor13Tahun1959.pdf,
perppu-no-14-tahun-1959,14,1959,KENAIKAN CUKAI TEMBAKAU,https://peraturan.go.id/id/perppu-no-14-tahun-1959,https://peraturan.go.id/files/PERPUNomor14Tahun1959_PERPUNomor14Tahun1959.pdf,
perppu-no-15-tahun-1959,15,1959,KENAIKAN TARIF CUKAI ATAS BIR DAN ALKOHOL SULINGAN DAN KENAIKAN BEA-MASUK ATAS BIR,https://peraturan.go.id/id/perppu-no-15-tahun-1959,https://peraturan.go.id/files/PERPUNomor15Tahun1959_PERPUNomor15Tahun1959.pdf,
perppu-no-16-tahun-1959,16,1959,PERUBAHAN DAN TAMBAHAN ORDONANSI PAJAK PENDAPATAN 1944 (STAATSBLAD 1944 NO. 17),https://peraturan.go.id/id/perppu-no-16-tahun-1959,https://peraturan.go.id/files/PERPUNomor16Tahun1959_PERPUNomor16Tahun1959.pdf,
perppu-no-17-tahun-1959,17,1959,PENGUBAHAN DAN TAMBAHAN ORDONANSI PAJAK UPAH (STAATSBLAD 1934 NO. 611),https://peraturan.go.id/id/perppu-no-17-tahun-1959,https://peraturan.go.id/files/PERPUNomor17Tahun1959_PERPUNomor17Tahun1959.pdf,
perppu-no-18-tahun-1959,18,1959,PENGUBAHAN DAN TAMBAHAN ATURAN BEA METERAI 1921,https://peraturan.go.id/id/perppu-no-18-tahun-1959,https://peraturan.go.id/files/PERPUNomor18Tahun1959_PERPUNomor18Tahun1959.pdf,
perppu-no-19-tahun-1959,19,1959,PENGUBAHAN DAN TAMBAHAN ORDONANSI PAJAK RUMAH TANGGA 1908,https://peraturan.go.id/id/perppu-no-19-tahun-1959,https://peraturan.go.id/files/PERPUNomor19Tahun1959_PERPUNomor19Tahun1959.pdf,
perppu-no-2-tahun-1959,2,1959,"PENURUNAN NILAI UANG KERTAS RP. 500,- DAN RP. 1000,-",https://peraturan.go.id/id/perppu-no-2-tahun-1959,https://peraturan.go.id/files/PERPUNomor2Tahun1959_PERPUNomor2Tahun1959.pdf,
perppu-no-20-tahun-1959,20,1959,PENGUBAHAN DAN TAMBAHAN UNDANG-UNDANG PAJAK PENJUALAN 1951,https://peraturan.go.id/id/perppu-no-20-tahun-1959,https://peraturan.go.id/files/PERPUNomor20Tahun1959_PERPUNomor20Tahun1959.pdf,
perppu-no-21-tahun-1959,21,1959,MEMPERBERAT ANCAMAN HUKUMAN TERHADAP TINDAK PIDANA EKONOMI,https://peraturan.go.id/id/perppu-no-21-tahun-1959,NO_PDF,
perppu-no-22-tahun-1959,22,1959,"PENGUBAHAN NAMA ""MEDALI SEWINDU ANGKATAN PERANG REPUBLIK INDONESIA"" MENJADI ""BINTANG SEWINDU ANGKATAN	PERANG REPUBLIK INDONESIA""",https://peraturan.go.id/id/perppu-no-22-tahun-1959,https://peraturan.go.id/files/PERPUNomor22Tahun1959_PERPUNomor22Tahun1959.pdf,
perppu-no-23-tahun-1959,23,1959,KEADAAN BAHAYA,https://peraturan.go.id/id/perppu-no-23-tahun-1959,NO_PDF,
perppu-no-24-tahun-1959,24,1959,"PERUBAHAN/TAMBAHAN PERATURAN-PERATURAN PEMERINTAH PENGGANTI UNDANG-UNDANG NO. 7, 12, 13, 15, 16, 17, 	18, 19 DAN 20 TAHUN 1959",https://peraturan.go.id/id/perppu-no-24-tahun-1959,https://peraturan.go.id/files/PERPUNomor24Tahun1959.pdf,
perppu-no-25-tahun-1959,25,1959,PENILAIAN PERSEDIAAN UANG EMAS DAN BAHAN UANG EMAS PADA BANK INDONESIA,https://peraturan.go.id/id/perppu-no-25-tahun-1959,https://peraturan.go.id/files/PERPUNomor25Tahun1959.pdf,
perppu-no-26-tahun-1959,26,1959,PINJAMAN KONSOLIDASI TAHUN 1959,https://peraturan.go.id/id/perppu-no-26-tahun-1959,https://peraturan.go.id/files/PERPUNomor26Tahun1959.pdf,
perppu-no-27-tahun-1959,27,1959,BEA BALIK NAMA KENDARAAN BERMOTOR,https://peraturan.go.id/id/perppu-no-27-tahun-1959,https://peraturan.go.id/files/PERPUNomor27Tahun1959.pdf,
perppu-no-28-tahun-1959,28,1959,DASAR PERHITUNGAN MALAYAN-DOLLAR UNTUK MELAKUKAN TARIP PAJAK-PAJAK NEGARA DI DAERAH KEPULAUAN RIAU,https://peraturan.go.id/id/perppu-no-28-tahun-1959,https://peraturan.go.id/files/PERPUNomor28Tahun1959.pdf,
perppu-no-29-tahun-1959,29,1959,PERUBAHAN MASA PEMUNGUTAN PAJAK VERPONDING 	DAN PAJAK BANGSA ASING,https://peraturan.go.id/id/perppu-no-29-tahun-1959,https://peraturan.go.id/files/PERPUNomor29Tahun1959.pdf,
perppu-no-3-tahun-1959,3,1959,PEMBEKUAN SEBAGIAN DARI SIMPANAN PADA BANK-BANK,https://peraturan.go.id/id/perppu-no-3-tahun-1959,https://peraturan.go.id/files/PERPUNomor3Tahun1959.pdf,
perppu-no-4-tahun-1959,4,1959,PENGHAPUSAN SISTEM BUKTI EKSPOR (B.E.),https://peraturan.go.id/id/perppu-no-4-tahun-1959,https://peraturan.go.id/files/PERPUNomor4Tahun1959.pdf,
perppu-no-5-tahun-1959,5,1959,"KETENTUAN DI BIDANG FISKAL MENGENAI PENURUNAN NILAI UANG KERTAS RP. 1.000,- DAN RP. 500,-",https://peraturan.go.id/id/perppu-no-5-tahun-1959,https://peraturan.go.id/files/PERPUNomor5Tahun1959.pdf,
perppu-no-6-tahun-1959,6,1959,"PEMBATASAN WAKTU UNTUK MELAKSANAKAN HAK MENUNTUT PENUKARAN UANG KERTAS BANK PECAHAN-PECAHAN RP. 1.000,- DAN RP. 500,- YANG DENGAN PERATURAN PEMERINTAH PENGGANTI 	UNDANG-UNDANG NO. 2 TAHUN 1959 NILAINYA MASING-MASING	TELAH DITURUNKAN MENJADI RP. 100,- DAN",https://peraturan.go.id/id/perppu-no-6-tahun-1959,https://peraturan.go.id/files/PERPUNomor6Tahun1959.pdf,
perppu-no-7-tahun-1959,7,1959,PENGUBAHAN ORDONANSI PAJAK KEKAYAAN,https://peraturan.go.id/id/perppu-no-7-tahun-1959,https://peraturan.go.id/files/PERPUNomor7Tahun1959.pdf,
perppu-no-8-tahun-1959,8,1959,PENGUBAHAN TARIF PAJAK KENDARAAN BERMOTOR,https://peraturan.go.id/id/perppu-no-8-tahun-1959,https://peraturan.go.id/files/PERPUNomor8Tahun1959__1.pdf,
perppu-no-9-tahun-1959,9,1959,PENGUBAHAN TARIF PAJAK RADIO,https://peraturan.go.id/id/perppu-no-9-tahun-1959,https://peraturan.go.id/files/PERPUNomor9Tahun1959.pdf,
perppu-no-1-tahun-1960,1,1960,"PENAMBAHAN UU DRT 7-1955 (LN 1955-27) YANG DITAMBAH DENGAN UU DRT 8-1958 (LN 1958-156) TENTANG PENGUSUTAN, PENUNTUTAN DAN PERADILAN TINDAK PIDANA EKONOMI",https://peraturan.go.id/id/perppu-no-1-tahun-1960,NO_PDF,
perppu-no-10-tahun-1960,10,1960,"PEJABAT YANG MENJALANKAN PEKERJAAN JABATAN PRESIDEN, JIKA PRESIDEN MANGKAT BERHENTI ATAU BERHALANGAN, SEDANG WAKIL PRESIDEN TIDAK ADA ATAU BERHALANGAN",https://peraturan.go.id/id/perppu-no-10-tahun-1960,NO_PDF,
perppu-no-11-tahun-1960,11,1960,PERUBAHAN MODAL BANK INDONESIA,https://peraturan.go.id/id/perppu-no-11-tahun-1960,https://peraturan.go.id/files/PERPUNomor11Tahun1960.pdf,
perppu-no-12-tahun-1960,12,1960,PEMBUBARAN PANITYA UNTUK MENYELESAIKAN URUSAN PEMULIHAN HAK,https://peraturan.go.id/id/perppu-no-12-tahun-1960,https://peraturan.go.id/files/PERPUNomor11Tahun1960.pdf,
perppu-no-13-tahun-1960,13,1960,BANK DAGANG NEGARA,https://peraturan.go.id/id/perppu-no-13-tahun-1960,https://peraturan.go.id/files/PERPUNomor13Tahun1960.pdf,
perppu-no-14-tahun-1960,14,1960,PERUBAHAN UNDANG-UNDANG NO. 12 TAHUN 1951 TENTANG PENGHAPUSAN BADAN HUKUM ALGEMENE VOLKSCREDIETBANK,https://peraturan.go.id/id/perppu-no-14-tahun-1960,https://peraturan.go.id/files/PERPUNomor14Tahun1960.pdf,
perppu-no-15-tahun-1960,15,1960,PERUBAHAN UNDANG-UNDANG NO. 78 TAHUN 1958 TENTANG PENANAMAN MODAL ASING,https://peraturan.go.id/id/perppu-no-15-tahun-1960,https://peraturan.go.id/files/PERPUNomor15Tahun1960.pdf,
perppu-no-16-tahun-1960,16,1960,BEBERAPA PERUBAHAN DALAM KITAB UNDANG-UNDANG HUKUM PIDANA,https://peraturan.go.id/id/perppu-no-16-tahun-1960,NO_PDF,
perppu-no-17-tahun-1960,17,1960,PERUBAHAN TARIP-UPAH UNTUK BALAI HARTA PENINGGALAN,https://peraturan.go.id/id/perppu-no-17-tahun-1960,https://peraturan.go.id/files/PERPUNomor17Tahun1960_PERPUNomor17Tahun1960.pdf,
perppu-no-18-tahun-1960,18,1960,PERUBAHAN JUMLAH HUKUMAN DENDA DALAM KITAB UNDANG-UNDANG HUKUM PIDANA DAN ALAM KETENTUAN-KETENTUAN PIDANA LAINNYA YANG DIKELUARKAN SEBELUM TANGGAL 17 GUSTUS 1945,https://peraturan.go.id/id/perppu-no-18-tahun-1960,https://peraturan.go.id/files/PERPUNomor18Tahun1960_PERPUNomor18Tahun1960.pdf,
perppu-no-19-tahun-1960,19,1960,PERUSAHAAN NEGARA,https://peraturan.go.id/id/perppu-no-19-tahun-1960,https://peraturan.go.id/files/PERPUNomor19Tahun1960_PERPUNomor19Tahun1960.pdf,
perppu-no-2-tahun-1960,2,1960,PERGUDANGAN,https://peraturan.go.id/id/perppu-no-2-tahun-1960,NO_PDF,
perppu-no-20-tahun-1960,20,1960,KEWENANGAN PERIJINAN YANG DIBERIKAN  MENURUT PERUNDANG-UNDANGAN MENGENAI SENJATA API,https://peraturan.go.id/id/perppu-no-20-tahun-1960,https://peraturan.go.id/files/PERPUNomor20Tahun1960_PERPUNomor20Tahun1960.pdf,
perppu-no-21-tahun-1960,21,1960,BANK PEMBANGUNAN INDONESIA,https://peraturan.go.id/id/perppu-no-21-tahun-1960,https://peraturan.go.id/files/PERPUNomor21Tahun1960_PERPUNomor21Tahun1960.pdf,
perppu-no-22-tahun-1960,22,1960,PERPANJANGAN JANGKA WAKTU BERLAKUNYA PERALIHAN YANG TERSEBUT PADA PASAL 61 PERATURAN PEMERINTAH PENGGANTI UNDANG-UNDANG NOMOR 23 TAHUN 1959,https://peraturan.go.id/id/perppu-no-22-tahun-1960,https://peraturan.go.id/files/PERPUNomor22Tahun1960_PERPUNomor22Tahun1960.pdf,
perppu-no-23-tahun-1960,23,1960,RAHASIA BANK,https://peraturan.go.id/id/perppu-no-23-tahun-1960,https://peraturan.go.id/files/PERPUNomor23Tahun1960_PERPUNomor23Tahun1960.pdf,
perppu-no-24-tahun-1960,24,1960,"PENGUSUTAN, PENUNTUTAN DAN PEMERIKSAAN TINDAK PIDANA KORUPSI",https://peraturan.go.id/id/perppu-no-24-tahun-1960,NO_PDF,
perppu-no-25-tahun-1960,25,1960,PERUBAHAN UNDANG-UNDANG DARURAT NOMOR 3 TAHUN 1958 (LEMBARAN NEGARA 1958 NOMOR 43),https://peraturan.go.id/id/perppu-no-25-tahun-1960,https://peraturan.go.id/files/PERPUNomor25Tahun1960_PERPUNomor25Tahun1960.pdf,
perppu-no-26-tahun-1960,26,1960,"PERUBAHAN PASAL 27 DAN PASAL 28 UNDANG-UNDANG  DARURAT NOMOR 7 TAHUN 1955,  SEBAGAIMANA TELAH DIUBAH DAN  DITAMBAH,  TERAKHIR DENGAN PERATURAN PEMERINTAH PENGGANTI UNDANG  NOMOR 1 TAHUN 1960",https://peraturan.go.id/id/perppu-no-26-tahun-1960,https://peraturan.go.id/files/PERPUNomor26Tahun1960_PERPUNomor26Tahun1960.pdf,
perppu-no-27-tahun-1960,27,1960,TENTANG UANG HONORARIUM JURU SUMPAH,https://peraturan.go.id/id/perppu-no-27-tahun-1960,https://peraturan.go.id/files/PERPUNomor27Tahun1960_PERPUNomor27Tahun1960.pdf,
perppu-no-28-tahun-1960,28,1960,"ANCAMAN HUKUMAN TERHADAP PEMBELIAN, PENERIMAAN, PENYERAHAN  PENGUASAAN, KEPUNYAAN, PERSEDIAAN ATAU DALAM MILIK,  PENYIMPANAN, PENGANGKUTAN ATAU PEMBAWAAN BARANG LOGAM D.K.A DENGAN TIDAK MEMPUNYAI SURAT IZIN",https://peraturan.go.id/id/perppu-no-28-tahun-1960,https://peraturan.go.id/files/PERPUNomor28Tahun1960_PERPUNomor28Tahun1960.pdf,
perppu-no-29-tahun-1960,29,1960,POKOK-POKOK PENYELENGGARAAN TRANSMIGRASI,https://peraturan.go.id/id/perppu-no-29-tahun-1960,https://peraturan.go.id/files/PERPUNomor29Tahun1960_PERPUNomor29Tahun1960__1.pdf,
perppu-no-3-tahun-1960,3,1960,PENGUASAAN BENDA-BENDA TETAP MILIK PERSEORANGAN WARGA NEGARA BELANDA,https://peraturan.go.id/id/perppu-no-3-tahun-1960,https://peraturan.go.id/files/PERPUNomor3Tahun1960.pdf,
perppu-no-30-tahun-1960,30,1960,PELEBURAN BANK INDUSTRI NEGARA KE DALAM BANK PEMBANGUNAN INDONESIA,https://peraturan.go.id/id/perppu-no-30-tahun-1960,https://peraturan.go.id/files/PERPUNomor30Tahun1960_PERPUNomor30Tahun1960.pdf,
perppu-no-31-tahun-1960,31,1960,PERUBAHAN DAN TAMBAHAN UNDANG-UNDANG DARURAT NOMOR 3 TAHUN 1959 (LEMBARAN NEGARA NOMOR 43) TENTANG PINJAMAN OBLIGASI BERHADIAH TAHUN 1959,https://peraturan.go.id/id/perppu-no-31-tahun-1960,https://peraturan.go.id/files/PERPUNomor31Tahun1960_PERPUNomor31Tahun1960.pdf,
perppu-no-32-tahun-1960,32,1960,PENGGUNAAN MATA UANG RUPIAH DALAM LALU-LINTAS PEMBAYARAN LUAR NEGERI,https://peraturan.go.id/id/perppu-no-32-tahun-1960,https://peraturan.go.id/files/PERPUNomor32Tahun1960_PERPUNomor32Tahun1960.pdf,
perppu-no-33-tahun-1960,33,1960,"PERUBAHAN DAN TAMBAHAN TARIF BEA MASUK, BEA KELUAR, BEA STATISTIK, BEA BERAT BARANG DAN PAJAK MASUK (PAJAK PENJUALAN)",https://peraturan.go.id/id/perppu-no-33-tahun-1960,https://peraturan.go.id/files/PERPUNomor33Tahun1960_PERPUNomor33Tahun1960.pdf,
perppu-no-34-tahun-1960,34,1960,PAJAK TRANSFER,https://peraturan.go.id/id/perppu-no-34-tahun-1960,https://peraturan.go.id/files/PERPUNomor34Tahun1960_PERPUNomor34Tahun1960.pdf,
perppu-no-35-tahun-1960,35,1960,KREDIT DAN LIKWIDASI BANK,https://peraturan.go.id/id/perppu-no-35-tahun-1960,https://peraturan.go.id/files/PERPUNomor35Tahun1960_PERPUNomor35Tahun1960.pdf,
perppu-no-36-tahun-1960,36,1960,"PERUBAHAN DAN TAMBAHAN UNDANG-UNDANG DARURAT NOMOR 7 TAHUN 1955 TENTANG PENGUSUTAN, PENUNTUTAN DAN PERADILAN TINDAK-PIDANA EKONOMI",https://peraturan.go.id/id/perppu-no-36-tahun-1960,https://peraturan.go.id/files/PERPUNomor36Tahun1960_PERPUNomor36Tahun1960.pdf,
perppu-no-37-tahun-1960,37,1960,PERTAMBANGAN,https://peraturan.go.id/id/perppu-no-37-tahun-1960,https://peraturan.go.id/files/PERPUNomor37Tahun1960_PERPUNomor37Tahun1960.pdf,
perppu-no-38-tahun-1960,38,1960,PENGGUNAAN DAN PENETAPAN LUSA TANAH UNTUK TANAMAN-TANAMAN TERTENTU,https://peraturan.go.id/id/perppu-no-38-tahun-1960,NO_PDF,
perppu-no-39-tahun-1960,39,1960,PENYALURAN MILITER WAJIB DARURAT KEDALAM RANGKA WAJIB MILITER,https://peraturan.go.id/id/perppu-no-39-tahun-1960,NO_PDF,
perppu-no-4-tahun-1960,4,1960,PERAIRAN INDONESIA,https://peraturan.go.id/id/perppu-no-4-tahun-1960,NO_PDF,
perppu-no-40-tahun-1960,40,1960,PERUBAHAN DAN TAMBAHAN UNDANG-UNDANG NO. 66 TAHUN 1958 (LEMBARAN NEGARA TAHUN 1958 NO. 117) TENTANG WAJIB MILITER,https://peraturan.go.id/id/perppu-no-40-tahun-1960,NO_PDF,
perppu-no-41-tahun-1960,41,1960,"BANK KOPERASI, TANI DAN NELAYAN",https://peraturan.go.id/id/perppu-no-41-tahun-1960,NO_PDF,
perppu-no-42-tahun-1960,42,1960,"PELEBURAN BANK RAKYAT INDONESIA KEDALAM BANK KOPERASI, TANI DAN NELAYAN",https://peraturan.go.id/id/perppu-no-42-tahun-1960,NO_PDF,
perppu-no-43-tahun-1960,43,1960,PELEBURAN PERSEROAN TERBATAS BANK TANI DAN NELAYAN,https://peraturan.go.id/id/perppu-no-43-tahun-1960,NO_PDF,
perppu-no-44-tahun-1960,44,1960,PERTAMBANGAN MINYAK DAN GAS BUMI,https://peraturan.go.id/id/perppu-no-44-tahun-1960,NO_PDF,
perppu-no-45-tahun-1960,45,1960,PEMBENTUKAN DEWAN PERUSAHAAN,https://peraturan.go.id/id/perppu-no-45-tahun-1960,NO_PDF,
perppu-no-46-tahun-1960,46,1960,"PERUBAHAN NAMA DAN KEDUDUKAN HUKUM SERTA PEMINDAHAN TEMPAT KEDUDUKAN ""N.V. NEDERLANDCHE-INDISCHE AARDOLIE MAATSCHAAPPIJ",https://peraturan.go.id/id/perppu-no-46-tahun-1960,NO_PDF,
perppu-no-47-tahun-1960,47,1960,PEMBENTUKAN DAERAH TINGKAT I SULAWESI SELATAN TENGGARA DAN DAERAH TINGKAT I SULAWESI UTARA-TENGAH,https://peraturan.go.id/id/perppu-no-47-tahun-1960,NO_PDF,
perppu-no-48-tahun-1960,48,1960,PENGAWASAN PENDIDIKAN DAN PENGAJARAN ASING,https://peraturan.go.id/id/perppu-no-48-tahun-1960,NO_PDF,
perppu-no-49-tahun-1960,49,1960,PANITYA URUSAN PIUTANG NEGARA,https://peraturan.go.id/id/perppu-no-49-tahun-1960,NO_PDF,
perppu-no-5-tahun-1960,5,1960,PENGHENTIAN BERLAKUNYA UNDANG-UNDANG NO. 17  TAHUN 1951 (LEMBARAN NEGARA 1951 NO. 100),https://peraturan.go.id/id/perppu-no-5-tahun-1960,https://peraturan.go.id/files/PERPUNomor5Tahun1960.pdf,
perppu-no-50-tahun-1960,50,1960,LARANGAN ORGANISASI-ORGANISASI DAN PENGAWASAN PERUSAHAAN-PERUSAHAAN ORANG ASING TERTENTU,https://peraturan.go.id/id/perppu-no-50-tahun-1960,NO_PDF,
perppu-no-51-tahun-1960,51,1960,LARANGAN PEMAKAIAN TANAH TANPA IZIN YANG BERHAK ATAU KUASANYA,https://peraturan.go.id/id/perppu-no-51-tahun-1960,NO_PDF,
perppu-no-52-tahun-1960,52,1960,PERUBAHAN PASAL 43 AYAT (5) PERATURAN PEMERINTAH PENGGANTI UNDANG-UNDANG NO. 23 TAHUN 1959 (LEMBARAN NEGARA TAHUN 1959 NO. 139) TENTANG KEADAAN BAHAYA,https://peraturan.go.id/id/perppu-no-52-tahun-1960,NO_PDF,
perppu-no-53-tahun-1960,53,1960,PERUBAHAN DAN TAMBAHAN PAJAK DIVIDEN,https://peraturan.go.id/id/perppu-no-53-tahun-1960,NO_PDF,
perppu-no-54-tahun-1960,54,1960,"PENARIKAN KEMBALI ""ORDONANSI PAJAK UPAH"" (STAATSBLAD 1934 NO. 611) SEBAGAIMANA TELAH DIUBAH DAN DITAMBAH TERAKHIR DENGAN PERATURAN PEMERINTAH PENGGANTI UNDANG-UNDANG NO. 24 TAHUN 1959",https://peraturan.go.id/id/perppu-no-54-tahun-1960,NO_PDF,
perppu-no-55-tahun-1960,55,1960,PENYEMPURNAAN ORDONANSI PAJAK PENDAPATAN 1944,https://peraturan.go.id/id/perppu-no-55-tahun-1960,NO_PDF,
perppu-no-56-tahun-1960,56,1960,PENETAPAN LUAS TANAH PERTANIAN,https://peraturan.go.id/id/perppu-no-56-tahun-1960,NO_PDF,
perppu-no-6-tahun-1960,6,1960,PENETAPAN ANGGARAN PENDAPATAN DAN BELANJA DARI REPUBLIK INDONESIA UNTUK TAHUN 1960,https://peraturan.go.id/id/perppu-no-6-tahun-1960,https://peraturan.go.id/files/PERPUNomor6Tahun1960.pdf,
perppu-no-7-tahun-1960,7,1960,"PENETAPAN BAGIAN-BAGIAN PERUSAHAAN NEGARA BERDASARKAN I.B.W., DARI ANGGARAN REPUBLIK INDONESIA UNTUK TAHUN 1960",https://peraturan.go.id/id/perppu-no-7-tahun-1960,https://peraturan.go.id/files/PERPUNomor7Tahun1960.pdf,
perppu-no-8-tahun-1960,8,1960,MENGUBAH DAN MENAMBAH UNDANG-UNDANG TENTANG PENETAPAN ANGGARAN BELANJA DAN SUMBER-SUMBER PENDAPATAN REPUBLIK INDONESIA UNTUK TAHUN DINAS 1959,https://peraturan.go.id/id/perppu-no-8-tahun-1960,https://peraturan.go.id/files/PERPUNomor8Tahun1960.pdf,
perppu-no-9-tahun-1960,9,1960,MENGUBAH DAN MENAMBAH UNDANG-UNDANG TENTANG PENETAPAN ANGGARAN PERUSAHAAN-PERUSAHAAN I.B.W DARI ANGGARAN REPUBLIK INDONESIA UNTUK TAHUN DINAS 1959,https://peraturan.go.id/id/perppu-no-9-tahun-1960,https://peraturan.go.id/files/PERPUNomor9Tahun1960.pdf,
perppu-no-1-tahun-1961,1,1961,BARANG,https://peraturan.go.id/id/perppu-no-1-tahun-1961,NO_PDF,
perppu-no-1-tahun-1962,1,1962,PEMANGGILAN DAN PENGERAHAN SEMUA WARGA NEGARA RANGKA MOBILISASI UMUM UNTUK KEPENTINGAN KEAMANAN DAN PERTAHANAN NEGARA,https://peraturan.go.id/id/perppu-no-1-tahun-1962,NO_PDF,
perppu-no-10-tahun-1962,10,1962,PENCABUTAN UNDANG-UNDANG KRISIS IMPOR 1933,https://peraturan.go.id/id/perppu-no-10-tahun-1962,NO_PDF,
perppu-no-11-tahun-1962,11,1962,PEMUNGUTAN SUMBANGAN WAJIB ISTIMEWA ATAS BEBERAPA JENIS BARANG,https://peraturan.go.id/id/perppu-no-11-tahun-1962,NO_PDF,
perppu-no-12-tahun-1962,12,1962,KETENTUAN DIBIDANG FISKAL MENGENAI PEMBAYARAN SUMBANGAN WAJIB ISTIMEWA,https://peraturan.go.id/id/perppu-no-12-tahun-1962,NO_PDF,
perppu-no-13-tahun-1962,13,1962,SUMBANGAN WAJIB ISTIMEWA TAHUN 1962 ATAS KENDARAAN BERMOTOR,https://peraturan.go.id/id/perppu-no-13-tahun-1962,NO_PDF,
perppu-no-14-tahun-1962,14,1962,SUMBANGAN WAJIB ISTIMEWA ATAS KENDARAAN BERMOTOR YANG DIIMPOR KE DALAM DAERAH PABEAN INDONESIA,https://peraturan.go.id/id/perppu-no-14-tahun-1962,NO_PDF,
perppu-no-15-tahun-1962,15,1962,"PENEGASAN DARI PASAL 16 AJAT (6) UNDANG-UNDANG NO. 7 DRT TAHUN 1955 (LEMBARAN-NEGARA TAHUN 1955 NO. 27) TENTANG PENGUSUTAN, PENUNTUTAN DAN PERADILAN TINDAK PIDANA EKONOMI",https://peraturan.go.id/id/perppu-no-15-tahun-1962,NO_PDF,
perppu-no-16-tahun-1962,16,1962,SUMBANGAN WAJIB ISTIMEWA TAHUN 1962 ATAS BANGUNAN,https://peraturan.go.id/id/perppu-no-16-tahun-1962,NO_PDF,
perppu-no-17-tahun-1962,17,1962,PERUBAHAN DAN TAMBAHAN UNDANG-UNDANG NO. 21 PRP TAHUN 1960 TENTANG BANK PEMBANGUNAN INDONESIA,https://peraturan.go.id/id/perppu-no-17-tahun-1962,NO_PDF,
perppu-no-2-tahun-1962,2,1962,KEWAJIBAN PERUSAHAAN MINYAK MEMENUHI KEBUTUHAN DALAM NEGERI,https://peraturan.go.id/id/perppu-no-2-tahun-1962,NO_PDF,
perppu-no-3-tahun-1962,3,1962,PENERIMAAN DAN PENGGUNAAN WARGA-NEGARA ASING YANG DENGAN SUKARELA TURUT-SERTA DALAM PERUJUANGAN PEMBEBASAN IRIAN BARAT,https://peraturan.go.id/id/perppu-no-3-tahun-1962,NO_PDF,
perppu-no-4-tahun-1962,4,1962,PENGESAHAN PERJANJIAN KARYA ANTARA PERUSAHAAN NEGARA 	PERTAMIN DAN AN AMERICAN INTERNATIONAL OIL CO. UNTUK DIRI SENDIRI DAN ATAS NAMA PAN AMERICAN INTERNATIONAL OIL CO,https://peraturan.go.id/id/perppu-no-4-tahun-1962,NO_PDF,
perppu-no-5-tahun-1962,5,1962,PERUSAHAAN DAERAH,https://peraturan.go.id/id/perppu-no-5-tahun-1962,NO_PDF,
perppu-no-6-tahun-1962,6,1962,POKOK-POKOK PERUMAHAN,https://peraturan.go.id/id/perppu-no-6-tahun-1962,NO_PDF,
perppu-no-7-tahun-1962,7,1962,PENGGUNAAN DAN PENGAWASAN ATAS PENGGUNAAN 	DANA-DANA INVESTASI,https://peraturan.go.id/id/perppu-no-7-tahun-1962,NO_PDF,
perppu-no-8-tahun-1962,8,1962,PERDAGANGAN BARANG-BARANG DALAM PENGAWASAN,https://peraturan.go.id/id/perppu-no-8-tahun-1962,NO_PDF,
perppu-no-9-tahun-1962,9,1962,PENGENDALIAN HARGA,https://peraturan.go.id/id/perppu-no-9-tahun-1962,NO_PDF,
perppu-no-1-tahun-1963,1,1963,PELUNASAN CUKAI TEMBAKAU OLEH PERUSAHAAN-PERUSAHAAN HASIL TEMBAKAU DAN PENGELUARAN HASIL-HASIL TEMBAKAU DARI PERUSAHAAN-PERUSAHAAN ITU KEDALAM PEREDARAN BEBAS (DISEMPURNAKAN),https://peraturan.go.id/id/perppu-no-1-tahun-1963,https://peraturan.go.id/files/perpu1-1963.pdf,data/pdfs/perppu/perppu-no-1-tahun-1963.pdf
perppu-no-2-tahun-1963,2,1963,PELAKSANAAN DEKLARASI EKONOMI DI BIDANG PEMBIAYAAN IMPOR DAN EKSPOR,https://peraturan.go.id/id/perppu-no-2-tahun-1963,https://peraturan.go.id/files/perpu2-1963.pdf,data/pdfs/perppu/perppu-no-2-tahun-1963.pdf
perppu-no-3-tahun-1963,3,1963,"PERUBAHAN UNDANG-UNDANG NO. 4 PRP TAHUN 1959 DAN PENCABUTAN UNDANG-UNDANG NO. 32 PRP TAHUN 1960 DAN UNDANG-UNDANG NO. 34 PRP TAHUN 1960 (LEMBARAN NEGARA TAHUN 1959 NO. 91, LEMBARAN NEGARA TAHUN 1960 NO. 92 DAN LEMBARAN NEGARA TAHUN 1960 NO. 94)",https://peraturan.go.id/id/perppu-no-3-tahun-1963,https://peraturan.go.id/files/perpu3-1963.pdf,data/pdfs/perppu/perppu-no-3-tahun-1963.pdf
perppu-no-4-tahun-1963,4,1963,PERUBAHAN DAN TAMBAHAN UNDANG-UNDANG NO. 36 TAHUN 1953 TENTANG BANK TABUNGAN POS (LEMBARAN NEGARA TAHUN 1953 NO. 86),https://peraturan.go.id/id/perppu-no-4-tahun-1963,https://peraturan.go.id/files/Perpu4-1963.pdf,data/pdfs/perppu/perppu-no-4-tahun-1963.pdf
perppu-no-5-tahun-1963,5,1963,SURAT HUTANG LANDREFORM,https://peraturan.go.id/id/perppu-no-5-tahun-1963,https://peraturan.go.id/files/perpu5-1963.pdf,data/pdfs/perppu/perppu-no-5-tahun-1963.pdf
perppu-no-6-tahun-1963,6,1963,TELEKOMUNIKASI,https://peraturan.go.id/id/perppu-no-6-tahun-1963,https://peraturan.go.id/files/perpu6-1963.pdf,data/pdfs/perppu/perppu-no-6-tahun-1963.pdf
perppu-no-7-tahun-1963,7,1963,BADAN PEMERIKSA KEUANGAN,https://peraturan.go.id/id/perppu-no-7-tahun-1963,https://peraturan.go.id/files/perpu7-1963.pdf,data/pdfs/perppu/perppu-no-7-tahun-1963.pdf
perppu-no-8-tahun-1963,8,1963,PEMASUKAN DAERAH TINGKAT II KEPULAUAN RIAU KE DALAM DAERAH PABEAN INDONESIA,https://peraturan.go.id/id/perppu-no-8-tahun-1963,https://peraturan.go.id/files/perpu8-1963.pdf,data/pdfs/perppu/perppu-no-8-tahun-1963.pdf
perppu-no-9-tahun-1963,9,1963,PENANGGUHAN PELAKSANAAN PEMUNGUTAN BEA-BEA DAN CUKAI-CUKAI DI DAERAH TINGKAT II KEPULAUAN RIAU,https://peraturan.go.id/id/perppu-no-9-tahun-1963,https://peraturan.go.id/files/perpu9-1963.pdf,data/pdfs/perppu/perppu-no-9-tahun-1963.pdf
perppu-no-1-tahun-1964,1,1964,"PERUBAHAN DAN TAMBAHAN UNDANG-UNDANG NO. 21 TAHUN 1959, TENTANGPENETAPAN UNDANG-UNDANG DARURAT NO. 7 TAHUN 1958, TENTANGPENGGANTIAN PERATURAN TENTANG BINTANG GERILYA SEBAGAI TERMAKTUB DALAM PERATURAN PEMERINTAH NO. 8 TAHUN 1949 (LEMBARAN-NEGARA TAHUN",https://peraturan.go.id/id/perppu-no-1-tahun-1964,NO_PDF,
perppu-no-2-tahun-1964,2,1964,PEMBENTUKAN DAERAH TINGKAT I SULAWESI TENGAH DAN DAERAHTINGKAT I SULAWESI TENGGARA DENGAN MENGUBAH UNDANG-UNDANG NO. 47 PRP TAHUN 1960 TENTANG PEMBENTUKAN DAERAH TINGKAT I SULAWESI UTARA-TENGAH DAN DAERAH TINGKAT I SULAWESI SELATAN-TENGGARA,https://peraturan.go.id/id/perppu-no-2-tahun-1964,NO_PDF,
perppu-no-3-tahun-1964,3,1964,PEMBENTUKAN DAERAH TINGKAT I LAMPUNG DENGAN MENGUBAH UNDANG-UNDANG NO. 25 TAHUN 1959 TENTANG PEMBENTUKAN DAERAH TINGKAT I SUMATERA SELATAN,https://peraturan.go.id/id/perppu-no-3-tahun-1964,NO_PDF,
perppu-no-4-tahun-1964,4,1964,PEMBENTUKAN DAERAH TINGKAT II DAIRI DENGAN MENGUBAH UNDANG-UNDANG NO. 7 DRT. 1956 TENTANG PEMBENTUKAN DAERAH OTONOM KABUPATEN DI PROPINSI SUMATERA UTARA,https://peraturan.go.id/id/perppu-no-4-tahun-1964,NO_PDF,
perppu-no-5-tahun-1964,5,1964,NILAI TRANSAKSI RUPIAH DAN PEMBEBASAN ATAS IMPOR,https://peraturan.go.id/id/perppu-no-5-tahun-1964,NO_PDF,
perppu-no-6-tahun-1964,6,1964,BADAN PEMERIKSA KEUANGAN,https://peraturan.go.id/id/perppu-no-6-tahun-1964,NO_PDF,
perppu-no-1-tahun-1965,1,1965,PERUBAHAN/PENAMBAHAN UNDANG-UNDANG NO.7 TAHUN 1960 (LEMBARAN-NEGARA TAHUN 1960 NO.109),https://peraturan.go.id/id/perppu-no-1-tahun-1965,NO_PDF,
perppu-no-2-tahun-1965,2,1965,KEBIJAKSANAAN PENERIMAAN NEGARA TAHUN 1966,https://peraturan.go.id/id/perppu-no-2-tahun-1965,NO_PDF,
perppu-no-1-tahun-1968,1,1968,TANDA KEHORMATAN BINTANG KARTIKA EKA PAKCI,https://peraturan.go.id/id/perppu-no-1-tahun-1968,NO_PDF,
perppu-no-1-tahun-1969,1,1969,BENTUK-BENTUK USAHA NEGARA,https://peraturan.go.id/id/perppu-no-1-tahun-1969,NO_PDF,
perppu-no-1-tahun-1971,1,1971,PENCABUTAN UNDANG-UNDANG NO. 17 TAHUN 1964 TENTANG LARANGAN PENARIKAN CEK KOSONG,https://peraturan.go.id/id/perppu-no-1-tahun-1971,NO_PDF,
perppu-no-2-tahun-1971,2,1971,TANDA KEHORMATAN BINTANG YUDHA DHARMA,https://peraturan.go.id/id/perppu-no-2-tahun-1971,NO_PDF,
perppu-no-1-tahun-1984,1,1984,PENANGGUHAN MULAI BERLAKUNYA UU PAJAK PERTAMBAHAN NILAI 1984,https://peraturan.go.id/id/perppu-no-1-tahun-1984,https://peraturan.go.id/files/ppu1-1984.pdf,data/pdfs/perppu/perppu-no-1-tahun-1984.pdf
perppu-no-1-tahun-1992,1,1992,PENANGGUHAN MULAI BERLAKUNYA UU 14-1992 TENTANG LALU LINTAS DAN ANGKUTAN JALAN,https://peraturan.go.id/id/perppu-no-1-tahun-1992,NO_PDF,
perppu-no-1-tahun-1997,1,1997,PENANGGUHAN MULAI BERLAKUNYA UU 21-1997 TENTANG BEA PEROLEHAN HAK ATAS TANAH DAN BANGUNAN,https://peraturan.go.id/id/perppu-no-1-tahun-1997,https://peraturan.go.id/files/perpu1-1997.pdf,data/pdfs/perppu/perppu-no-1-tahun-1997.pdf
perppu-no-1-tahun-1998,1,1998,PERUBAHAN UU KEPAILITAN,https://peraturan.go.id/id/perppu-no-1-tahun-1998,https://peraturan.go.id/files/perpu1-1998.pdf,data/pdfs/perppu/perppu-no-1-tahun-1998.pdf
perppu-no-2-tahun-1998,2,1998,KEMERDEKAAN MENYAMPAIKAN PENDAPAT DI MUKA UMUM,https://peraturan.go.id/id/perppu-no-2-tahun-1998,https://peraturan.go.id/files/perpu2-1998.pdf,data/pdfs/perppu/perppu-no-2-tahun-1998.pdf
perppu-no-3-tahun-1998,3,1998,PENCABUTAN PERPU 2-1998 TENTANG KEMERDEKAAN MENYAMPAIKAN PENDAPAT DI MUKA UMUM,https://peraturan.go.id/id/perppu-no-3-tahun-1998,https://peraturan.go.id/files/perpu3-1998.pdf,data/pdfs/perppu/perppu-no-3-tahun-1998.pdf
perppu-no-1-tahun-1999,1,1999,PENGADILAN HAK ASASI MANUSIA,https://peraturan.go.id/id/perppu-no-1-tahun-1999,https://peraturan.go.id/files/perppuu1999_001.pdf,data/pdfs/perppu/perppu-no-1-tahun-1999.pdf
perppu-no-1-tahun-2000,1,2000,KAWASAN PERDAGANGAN BEBAS DAN PELABUHAN BEBAS,https://peraturan.go.id/id/perppu-no-1-tahun-2000,https://peraturan.go.id/files/perpu1-2000.pdf,data/pdfs/perppu/perppu-no-1-tahun-2000.pdf
perppu-no-2-tahun-2000,2,2000,KAWASAN PERDAGANGAN BEBAS DAN PELABUHAN BEBAS SABANG,https://peraturan.go.id/id/perppu-no-2-tahun-2000,https://peraturan.go.id/files/perpu2-2000.pdf,data/pdfs/perppu/perppu-no-2-tahun-2000.pdf
perppu-no-3-tahun-2000,3,2000,PERUBAHAN UU 11-1998 TENTANG PERUBAHAN BERLAKUNYA UU 25-1997 TENTANG KETENAGAKERJAAN,https://peraturan.go.id/id/perppu-no-3-tahun-2000,https://peraturan.go.id/files/perpu3-2000.pdf,data/pdfs/perppu/perppu-no-3-tahun-2000.pdf
perppu-no-1-tahun-2002,1,2002,PEMBERANTASAN TINDAK PIDANA TERORISME,https://peraturan.go.id/id/perppu-no-1-tahun-2002,https://peraturan.go.id/files/perpu1-2002.pdf,data/pdfs/perppu/perppu-no-1-tahun-2002.pdf
perppu-no-2-tahun-2002,2,2002,PEMBERLAKUAN PERPU 1-2002 TENTANG PEMBERANTASAN TINDAK PIDANA TERORISME PADA PERISTIWA PELEDAKAN BOM DI BALI TANGGAL 12 OKTOBER 2002,https://peraturan.go.id/id/perppu-no-2-tahun-2002,https://peraturan.go.id/files/perpu2-2002.pdf,data/pdfs/perppu/perppu-no-2-tahun-2002.pdf
perppu-no-1-tahun-2004,1,2004,PERUBAHAN UU 41-1999 TENTANG KEHUTANAN,https://peraturan.go.id/id/perppu-no-1-tahun-2004,https://peraturan.go.id/files/perpu1-2004.pdf,data/pdfs/perppu/perppu-no-1-tahun-2004.pdf
perppu-no-2-tahun-2004,2,2004,"PERUBAHAN UU 12-2003 TENTANG PEMILIHAN UMUM ANGGOTA DEWAN PERWAKILAN RAKYAT, DEWAN PERWAKILAN DAERAH, DAN DEWAN PERWAKILAN RAKYAT DAERAH",https://peraturan.go.id/id/perppu-no-2-tahun-2004,https://peraturan.go.id/files/perpu2-2004.pdf,data/pdfs/perppu/perppu-no-2-tahun-2004.pdf
perppu-no-1-tahun-2005,1,2005,PENANGGUHAN MULAI BERLAKUNYA UU 2-2004 TENTANG PENYELESAIAN PERSELISIHAN HUBUNGAN INDUSTRIAL,https://peraturan.go.id/id/perppu-no-1-tahun-2005,https://peraturan.go.id/files/perpu1-2005.pdf,data/pdfs/perppu/perppu-no-1-tahun-2005.pdf
perppu-no-2-tahun-2005,2,2005,BADAN REHABILITASI DAN REKONSTRUKSI WILAYAH DAN KEHIDUPAN MASYARAKAT PROVINSI NANGGROE ACEH DARUSSALAM DAN KEPULAUAN NIAS PROVINSI SUMATERA UTARA,https://peraturan.go.id/id/perppu-no-2-tahun-2005,https://peraturan.go.id/files/perpu2-2005.pdf,data/pdfs/perppu/perppu-no-2-tahun-2005.pdf
perppu-no-3-tahun-2005,3,2005,PERUBAHAN UU 32-2004 TENTANG PEMERINTAHAN DAERAH,https://peraturan.go.id/id/perppu-no-3-tahun-2005,https://peraturan.go.id/files/perpu3-2005.pdf,data/pdfs/perppu/perppu-no-3-tahun-2005.pdf
perppu-no-1-tahun-2006,1,2006,"PERUBAHAN KEDUA UU 12-2003 TENTANG PEMILIHAN UMUM ANGGOTA DEWAN PERWAKILAN RAKYAT, DEWAN PERWAKILAN DAERAH, DAN DEWAN PERWAKILAN RAKYAT DAERAH",https://peraturan.go.id/id/perppu-no-1-tahun-2006,https://peraturan.go.id/files/perpu1-2006.pdf,data/pdfs/perppu/perppu-no-1-tahun-2006.pdf
perppu-no-2-tahun-2006,2,2006,PENANGGUHAN PELAKSANAAN TUGAS DAN FUNGSI PENGADILAN PERIKANAN SEBAGAIMANA DIMAKSUD DALAM PASAL 71 AYAT (5) UU 31-2004 TENTANG PERIKANAN,https://peraturan.go.id/id/perppu-no-2-tahun-2006,https://peraturan.go.id/files/perpu2-2006.pdf,data/pdfs/perppu/perppu-no-2-tahun-2006.pdf
perppu-no-1-tahun-2007,1,2007,PERUBAHAN UU 36-2000 TENTANG PENETAPAN PERPU 1-2000 TENTANG KAWASAN PERDAGANGAN BEBAS DAN PELABUHAN BEBAS MENJADI UU,https://peraturan.go.id/id/perppu-no-1-tahun-2007,https://peraturan.go.id/files/perpu1-2007.pdf,data/pdfs/perppu/perppu-no-1-tahun-2007.pdf
perppu-no-2-tahun-2007,2,2007,PENANGANAN PERMASALAHAN HUKUM DALAM RANGKA REHABILITASI DAN REKONSTRUKSI WILAYAH DAN KEHIDUPAN MASYARAKAT DI PROVINSI NAGROE ACEH DARUSSALAM DAN KEPULAUAN NIAS PROVINSI SUMATERA UTARA,https://peraturan.go.id/id/perppu-no-2-tahun-2007,https://peraturan.go.id/files/perpu2-2007.pdf,data/pdfs/perppu/perppu-no-2-tahun-2007.pdf
perppu-no-1-tahun-2008,1,2008,PERUBAHAN UU 21-2001 TENTANG OTONOMI KHUSUS BAGI PROVINSI PAPUA,https://peraturan.go.id/id/perppu-no-1-tahun-2008,https://peraturan.go.id/files/perpu1-2008.pdf,data/pdfs/perppu/perppu-no-1-tahun-2008.pdf
perppu-no-2-tahun-2008,2,2008,PERUBAHAN KEDUA UU 23-1999 TENTANG BANK INDONESIA,https://peraturan.go.id/id/perppu-no-2-tahun-2008,https://peraturan.go.id/files/perpu2-2008.pdf,data/pdfs/perppu/perppu-no-2-tahun-2008.pdf
perppu-no-3-tahun-2008,3,2008,PERUBAHAN UU 24-2004 TENTANG LEMBAGA PENJAMIN SIMPANAN,https://peraturan.go.id/id/perppu-no-3-tahun-2008,https://peraturan.go.id/files/perpu3-2008.pdf,data/pdfs/perppu/perppu-no-3-tahun-2008.pdf
perppu-no-4-tahun-2008,4,2008,JARING PENGAMAN SISTEM KEUANGAN,https://peraturan.go.id/id/perppu-no-4-tahun-2008,https://peraturan.go.id/files/perpu4-2008.pdf,data/pdfs/perppu/perppu-no-4-tahun-2008.pdf
perppu-no-5-tahun-2008,5,2008,PERUBAHAN KEEMPAT UU 6-1983 TENTANG KETENTUAN UMUM DAN TATA CARA PERPAJAKAN,https://peraturan.go.id/id/perppu-no-5-tahun-2008,https://peraturan.go.id/files/perpu5-2008.pdf,data/pdfs/perppu/perppu-no-5-tahun-2008.pdf
perppu-no-1-tahun-2009,1,2009,"Perubahan Atas Undang-Undang Nomor 10 Tahun 2008 tentang Pemilihan Umum Anggota Dewan Perwakilan Rakyat, Dewan Perwakilan Daerah, dan Dewan Perwakilan Rakyat Daerah",https://peraturan.go.id/id/perppu-no-1-tahun-2009,https://peraturan.go.id/files/perpu1-2009bt.pdf,data/pdfs/perppu/perppu-no-1-tahun-2009.pdf
perppu-no-2-tahun-2009,2,2009,Perubahan Atas Undang-Undang Nomor 13 Tahun 2008 tentang Penyelenggaraan Ibadah Haji,https://peraturan.go.id/id/perppu-no-2-tahun-2009,https://peraturan.go.id/files/perpu2-2009bt.pdf,data/pdfs/perppu/perppu-no-2-tahun-2009.pdf
perppu-no-3-tahun-2009,3,2009,Perubahan Atas Undang-Undang Nomor 9 Tahun 1992 tentang Keimigrasian,https://peraturan.go.id/id/perppu-no-3-tahun-2009,https://peraturan.go.id/files/perpu3-2009bt.pdf,data/pdfs/perppu/perppu-no-3-tahun-2009.pdf
perppu-no-1-tahun-2013,1,2013,PERATURAN PEMERINTAH PENGGANTI UNDANG-UNDANG REPUBLIK INDONESIA NOMOR 1 TAHUN 2013 TENTANG PERUBAHAN KEDUA ATAS UNDANG-UNDANG NOMOR 24 TAHUN 2003 TENTANG MAHKAMAH KONSTITUSI,https://peraturan.go.id/id/perppu-no-1-tahun-2013,https://peraturan.go.id/files/perpu1-2013bt.pdf,data/pdfs/perppu/perppu-no-1-tahun-2013.pdf
perppu-no-1-tahun-2014,1,2014,"PEMILIHAN GUBERNUR, BUPATI DAN WALIKOTA",https://peraturan.go.id/id/perppu-no-1-tahun-2014,https://peraturan.go.id/files/perpu1-2014pjl.pdf,data/pdfs/perppu/perppu-no-1-tahun-2014.pdf
perppu-no-2-tahun-2014,2,2014,PERUBAHAN ATAS UNDANG-UNDANG NOMOR 23 TAHUN 2014 TENTANG PEMERINTAHAN DAERAH,https://peraturan.go.id/id/perppu-no-2-tahun-2014,https://peraturan.go.id/files/perpu2-2014pjl.pdf,data/pdfs/perppu/perppu-no-2-tahun-2014.pdf
perppu-no-1-tahun-2015,1,2015,PERUBAHAN ATAS UNDANG-UNDANG NOMOR 30 TAHUN 2002 TENTANG KOMISI PEMBERANTASAN TINDAK PIDANA KORUPSI,https://peraturan.go.id/id/perppu-no-1-tahun-2015,https://peraturan.go.id/files/perpu1-2015bt.pdf,data/pdfs/perppu/perppu-no-1-tahun-2015.pdf
perppu-no-1-tahun-2016,1,2016,PERUBAHAN KEDUA ATAS UNDANGUNDANG NOMOR 23 TAHUN 2002 TENTANG PERLINDUNGAN ANAK,https://peraturan.go.id/id/perppu-no-1-tahun-2016,https://peraturan.go.id/files/perpu1-2016bt.pdf,data/pdfs/perppu/perppu-no-1-tahun-2016.pdf
perppu-no-1-tahun-2017,1,2017,Akses Informasi Keuangan Untuk Kepentingan Perpajakan,https://peraturan.go.id/id/perppu-no-1-tahun-2017,https://peraturan.go.id/files/perpu1-2017bt.pdf,data/pdfs/perppu/perppu-no-1-tahun-2017.pdf
perppu-no-2-tahun-2017,2,2017,Perubahan Atas Undang-Undang Nomor 17 Tahun 2013 tentang Organisasi Kemasyarakatan,https://peraturan.go.id/id/perppu-no-2-tahun-2017,https://peraturan.go.id/files/perpu2-2017bt.pdf,data/pdfs/perppu/perppu-no-2-tahun-2017.pdf
perppu-no-1-tahun-2020,1,2020,KEBIJAKAN KEUANGAN NEGARA DAN STABILITAS SISTEM KEUANGAN UNTUK PENANGANAN PANDEMI CORONA VIRUS DISEASE 2019 (COVID-19) DAN/ATAU DALAM RANGKA MENGHADAPI ANCAMAN YANG MEMBAHAYAKAN PEREKONOMIAN NASIONAL DAN/ATAU STABILITAS SISTEM KEUANGAN,https://peraturan.go.id/id/perppu-no-1-tahun-2020,https://peraturan.go.id/files/Perpu1-2020bt.pdf,data/pdfs/perppu/perppu-no-1-tahun-2020.pdf
perppu-no-2-tahun-2020,2,2020,"PERUBAHAN KETIGA ATAS UNDANG-UNDANG NOMOR 1 TAHUN 2015 TENTANG PENETAPAN PERATURAN PEMERINTAH PENGGANTI UNDANG-UNDANG NOMOR 1 TAHUN 2014 TENTANG PEMILIHAN GUBERNUR, BUPATI, DAN WALIKOTA MENJADI UNDANG-UNDANG",https://peraturan.go.id/id/perppu-no-2-tahun-2020,https://peraturan.go.id/files/perpu2-2020bt.pdf,data/pdfs/perppu/perppu-no-2-tahun-2020.pdf
perppu-no-1-tahun-2022,1,2022,PERUBAHAN ATAS UNDANG-UNDANG NOMOR 7 TAHUN 2017 TENTANGPEMILIHAN UMUM,https://peraturan.go.id/id/perppu-no-1-tahun-2022,https://peraturan.go.id/files/Salinan+Perpu+Nomor+1+tahun+2022.pdf,data/pdfs/perppu/perppu-no-1-tahun-2022.pdf
perppu-no-2-tahun-2022,2,2022,CIPTA KERJA,https://peraturan.go.id/id/perppu-no-2-tahun-2022,https://peraturan.go.id/files/perppu-no-2-tahun-2022.pdf,data/pdfs/perppu/perppu-no-2-tahun-2022.pdf
perppu-no-148-tahun-2024,148,2024,KEMENTERIAN SEKRETARIAT NEGARA,https://peraturan.go.id/id/perppu-no-148-tahun-2024,https://peraturan.go.id/files/perppu-no-148-tahun-2024.pdf,data/pdfs/perppu/perppu-no-148-tahun-2024.pdf
