slug,translation_url,pdf_url,in_translations_db
-no-1-tahun-2019,https://peraturan.go.id/terjemahresmi/-no-1-tahun-2019,https://peraturan.go.id/files2/-no-1-tahun-2019_terjemah,N
-no-1-tahun-2022,https://peraturan.go.id/terjemahresmi/-no-1-tahun-2022,https://peraturan.go.id/files2/-no-1-tahun-2022_terjemah,N
-no-3-tahun-2015,https://peraturan.go.id/terjemahresmi/-no-3-tahun-2015,https://peraturan.go.id/files2/-no-3-tahun-2015_terjemah,N
peraturan-anri-no-2-tahun-2024,https://peraturan.go.id/terjemahresmi/peraturan-anri-no-2-tahun-2024,https://peraturan.go.id/files2/peraturan-anri-no-2-tahun-2024_terjemah,N
peraturan-bakamla-no-12-tahun-2021,https://peraturan.go.id/terjemahresmi/peraturan-bakamla-no-12-tahun-2021,https://peraturan.go.id/files2/peraturan-bakamla-no-12-tahun-2021_terjemah,N
peraturan-bakamla-no-27-tahun-2021,https://peraturan.go.id/terjemahresmi/peraturan-bakamla-no-27-tahun-2021,https://peraturan.go.id/files2/peraturan-bakamla-no-27-tahun-2021_terjemah,N
peraturan-bakamla-no-28-tahun-2021,https://peraturan.go.id/terjemahresmi/peraturan-bakamla-no-28-tahun-2021,https://peraturan.go.id/files2/peraturan-bakamla-no-28-tahun-2021_terjemah,N
peraturan-bapanas-no-10-tahun-2024,https://peraturan.go.id/terjemahresmi/peraturan-bapanas-no-10-tahun-2024,https://peraturan.go.id/files2/peraturan-bapanas-no-10-tahun-2024_terjemah,N
peraturan-bapanas-no-19-tahun-2023,https://peraturan.go.id/terjemahresmi/peraturan-bapanas-no-19-tahun-2023,https://peraturan.go.id/files2/peraturan-bapanas-no-19-tahun-2023_terjemah,N
peraturan-bawaslu-no-11-tahun-2014,https://peraturan.go.id/terjemahresmi/peraturan-bawaslu-no-11-tahun-2014,https://peraturan.go.id/files2/peraturan-bawaslu-no-11-tahun-2014_terjemah,N
peraturan-bawaslu-no-18-tahun-2017,https://peraturan.go.id/terjemahresmi/peraturan-bawaslu-no-18-tahun-2017,https://peraturan.go.id/files2/peraturan-bawaslu-no-18-tahun-2017_terjemah,N
peraturan-bawaslu-no-2-tahun-2015,https://peraturan.go.id/terjemahresmi/peraturan-bawaslu-no-2-tahun-2015,https://peraturan.go.id/files2/peraturan-bawaslu-no-2-tahun-2015_terjemah,N
peraturan-bawaslu-no-7-tahun-2018,https://peraturan.go.id/terjemahresmi/peraturan-bawaslu-no-7-tahun-2018,https://peraturan.go.id/files2/peraturan-bawaslu-no-7-tahun-2018_terjemah,N
peraturan-bawaslu-no-8-tahun-2018,https://peraturan.go.id/terjemahresmi/peraturan-bawaslu-no-8-tahun-2018,https://peraturan.go.id/files2/peraturan-bawaslu-no-8-tahun-2018_terjemah,N
peraturan-big-no-7-tahun-2023,https://peraturan.go.id/terjemahresmi/peraturan-big-no-7-tahun-2023,https://peraturan.go.id/files2/peraturan-big-no-7-tahun-2023_terjemah,N
peraturan-bkkbn-no-2-tahun-2025,https://peraturan.go.id/terjemahresmi/peraturan-bkkbn-no-2-tahun-2025,https://peraturan.go.id/files2/peraturan-bkkbn-no-2-tahun-2025_terjemah,N
peraturan-bmkg-no-1-tahun-2025,https://peraturan.go.id/terjemahresmi/peraturan-bmkg-no-1-tahun-2025,https://peraturan.go.id/files2/peraturan-bmkg-no-1-tahun-2025_terjemah,N
peraturan-bnpp-no-6-tahun-2024,https://peraturan.go.id/terjemahresmi/peraturan-bnpp-no-6-tahun-2024,https://peraturan.go.id/files2/peraturan-bnpp-no-6-tahun-2024_terjemah,N
peraturan-bnpt-no-2-tahun-2023,https://peraturan.go.id/terjemahresmi/peraturan-bnpt-no-2-tahun-2023,https://peraturan.go.id/files2/peraturan-bnpt-no-2-tahun-2023_terjemah,N
peraturan-bnpt-no-2-tahun-2025,https://peraturan.go.id/terjemahresmi/peraturan-bnpt-no-2-tahun-2025,https://peraturan.go.id/files2/peraturan-bnpt-no-2-tahun-2025_terjemah,N
peraturan-bphmigas-no-3-tahun-2024,https://peraturan.go.id/terjemahresmi/peraturan-bphmigas-no-3-tahun-2024,https://peraturan.go.id/files2/peraturan-bphmigas-no-3-tahun-2024_terjemah,N
peraturan-bpip-no-2-tahun-2022,https://peraturan.go.id/terjemahresmi/peraturan-bpip-no-2-tahun-2022,https://peraturan.go.id/files2/peraturan-bpip-no-2-tahun-2022_terjemah,N
peraturan-bpip-no-4-tahun-2022,https://peraturan.go.id/terjemahresmi/peraturan-bpip-no-4-tahun-2022,https://peraturan.go.id/files2/peraturan-bpip-no-4-tahun-2022_terjemah,N
peraturan-bpip-no-6-tahun-2020,https://peraturan.go.id/terjemahresmi/peraturan-bpip-no-6-tahun-2020,https://peraturan.go.id/files2/peraturan-bpip-no-6-tahun-2020_terjemah,N
peraturan-bpjs-ketenagakerjaan-no-1-tahun-2021,https://peraturan.go.id/terjemahresmi/peraturan-bpjs-ketenagakerjaan-no-1-tahun-2021,https://peraturan.go.id/files2/peraturan-bpjs-ketenagakerjaan-no-1-tahun-2021_terjemah,N
peraturan-bpjs-ketenagakerjaan-no-1-tahun-2022,https://peraturan.go.id/terjemahresmi/peraturan-bpjs-ketenagakerjaan-no-1-tahun-2022,https://peraturan.go.id/files2/peraturan-bpjs-ketenagakerjaan-no-1-tahun-2022_terjemah,N
peraturan-bpjs-ketenagakerjaan-no-1-tahun-2023,https://peraturan.go.id/terjemahresmi/peraturan-bpjs-ketenagakerjaan-no-1-tahun-2023,https://peraturan.go.id/files2/peraturan-bpjs-ketenagakerjaan-no-1-tahun-2023_terjemah,N
peraturan-bpjs-ketenagakerjaan-no-1-tahun-2024,https://peraturan.go.id/terjemahresmi/peraturan-bpjs-ketenagakerjaan-no-1-tahun-2024,https://peraturan.go.id/files2/peraturan-bpjs-ketenagakerjaan-no-1-tahun-2024_terjemah,N
peraturan-bpk-no-4-tahun-2018,https://peraturan.go.id/terjemahresmi/peraturan-bpk-no-4-tahun-2018,https://peraturan.go.id/files2/peraturan-bpk-no-4-tahun-2018_terjemah,N
peraturan-bpk-no-5-tahun-2018,https://peraturan.go.id/terjemahresmi/peraturan-bpk-no-5-tahun-2018,https://peraturan.go.id/files2/peraturan-bpk-no-5-tahun-2018_terjemah,N
peraturan-bpom-no-1-tahun-2022,https://peraturan.go.id/terjemahresmi/peraturan-bpom-no-1-tahun-2022,https://peraturan.go.id/files2/peraturan-bpom-no-1-tahun-2022_terjemah,N
peraturan-bpom-no-13-tahun-2021,https://peraturan.go.id/terjemahresmi/peraturan-bpom-no-13-tahun-2021,https://peraturan.go.id/files2/peraturan-bpom-no-13-tahun-2021_terjemah,N
peraturan-bpom-no-14-tahun-2021,https://peraturan.go.id/terjemahresmi/peraturan-bpom-no-14-tahun-2021,https://peraturan.go.id/files2/peraturan-bpom-no-14-tahun-2021_terjemah,N
peraturan-bpom-no-15-tahun-2019,https://peraturan.go.id/terjemahresmi/peraturan-bpom-no-15-tahun-2019,https://peraturan.go.id/files2/peraturan-bpom-no-15-tahun-2019_terjemah,N
peraturan-bpom-no-22-tahun-2023,https://peraturan.go.id/terjemahresmi/peraturan-bpom-no-22-tahun-2023,https://peraturan.go.id/files2/peraturan-bpom-no-22-tahun-2023_terjemah,N
peraturan-bpom-no-24-tahun-2017,https://peraturan.go.id/terjemahresmi/peraturan-bpom-no-24-tahun-2017,https://peraturan.go.id/files2/peraturan-bpom-no-24-tahun-2017_terjemah,N
peraturan-bpom-no-26-tahun-2022,https://peraturan.go.id/terjemahresmi/peraturan-bpom-no-26-tahun-2022,https://peraturan.go.id/files2/peraturan-bpom-no-26-tahun-2022_terjemah,N
peraturan-bpom-no-27-tahun-2020,https://peraturan.go.id/terjemahresmi/peraturan-bpom-no-27-tahun-2020,https://peraturan.go.id/files2/peraturan-bpom-no-27-tahun-2020_terjemah,N
peraturan-bpom-no-27-tahun-2023,https://peraturan.go.id/terjemahresmi/peraturan-bpom-no-27-tahun-2023,https://peraturan.go.id/files2/peraturan-bpom-no-27-tahun-2023_terjemah,N
peraturan-bpom-no-28-tahun-2023,https://peraturan.go.id/terjemahresmi/peraturan-bpom-no-28-tahun-2023,https://peraturan.go.id/files2/peraturan-bpom-no-28-tahun-2023_terjemah,N
peraturan-bpom-no-32-tahun-2022,https://peraturan.go.id/terjemahresmi/peraturan-bpom-no-32-tahun-2022,https://peraturan.go.id/files2/peraturan-bpom-no-32-tahun-2022_terjemah,N
peraturan-bpom-no-33-tahun-2018,https://peraturan.go.id/terjemahresmi/peraturan-bpom-no-33-tahun-2018,https://peraturan.go.id/files2/peraturan-bpom-no-33-tahun-2018_terjemah,N
peraturan-bpom-no-36-tahun-2019,https://peraturan.go.id/terjemahresmi/peraturan-bpom-no-36-tahun-2019,https://peraturan.go.id/files2/peraturan-bpom-no-36-tahun-2019_terjemah,N
peraturan-bppmi-no-1-tahun-2020,https://peraturan.go.id/terjemahresmi/peraturan-bppmi-no-1-tahun-2020,https://peraturan.go.id/files2/peraturan-bppmi-no-1-tahun-2020_terjemah,N
peraturan-bppmi-no-1-tahun-2021,https://peraturan.go.id/terjemahresmi/peraturan-bppmi-no-1-tahun-2021,https://peraturan.go.id/files2/peraturan-bppmi-no-1-tahun-2021_terjemah,N
peraturan-bppmi-no-9-tahun-2020,https://peraturan.go.id/terjemahresmi/peraturan-bppmi-no-9-tahun-2020,https://peraturan.go.id/files2/peraturan-bppmi-no-9-tahun-2020_terjemah,N
peraturan-brin-no-11-tahun-2023,https://peraturan.go.id/terjemahresmi/peraturan-brin-no-11-tahun-2023,https://peraturan.go.id/files2/peraturan-brin-no-11-tahun-2023_terjemah,N
peraturan-bssn-no-1-tahun-2018,https://peraturan.go.id/terjemahresmi/peraturan-bssn-no-1-tahun-2018,https://peraturan.go.id/files2/peraturan-bssn-no-1-tahun-2018_terjemah,N
peraturan-bssn-no-1-tahun-2019,https://peraturan.go.id/terjemahresmi/peraturan-bssn-no-1-tahun-2019,https://peraturan.go.id/files2/peraturan-bssn-no-1-tahun-2019_terjemah,N
peraturan-bssn-no-12-tahun-2019,https://peraturan.go.id/terjemahresmi/peraturan-bssn-no-12-tahun-2019,https://peraturan.go.id/files2/peraturan-bssn-no-12-tahun-2019_terjemah,N
peraturan-bssn-no-2-tahun-2018,https://peraturan.go.id/terjemahresmi/peraturan-bssn-no-2-tahun-2018,https://peraturan.go.id/files2/peraturan-bssn-no-2-tahun-2018_terjemah,N
peraturan-bssn-no-2-tahun-2019,https://peraturan.go.id/terjemahresmi/peraturan-bssn-no-2-tahun-2019,https://peraturan.go.id/files2/peraturan-bssn-no-2-tahun-2019_terjemah,N
peraturan-bssn-no-3-tahun-2019,https://peraturan.go.id/terjemahresmi/peraturan-bssn-no-3-tahun-2019,https://peraturan.go.id/files2/peraturan-bssn-no-3-tahun-2019_terjemah,N
peraturan-bssn-no-4-tahun-2018,https://peraturan.go.id/terjemahresmi/peraturan-bssn-no-4-tahun-2018,https://peraturan.go.id/files2/peraturan-bssn-no-4-tahun-2018_terjemah,N
peraturan-bssn-no-4-tahun-2024,https://peraturan.go.id/terjemahresmi/peraturan-bssn-no-4-tahun-2024,https://peraturan.go.id/files2/peraturan-bssn-no-4-tahun-2024_terjemah,N
peraturan-bssn-no-6-tahun-2018,https://peraturan.go.id/terjemahresmi/peraturan-bssn-no-6-tahun-2018,https://peraturan.go.id/files2/peraturan-bssn-no-6-tahun-2018_terjemah,N
peraturan-bssn-no-6-tahun-2024,https://peraturan.go.id/terjemahresmi/peraturan-bssn-no-6-tahun-2024,https://peraturan.go.id/files2/peraturan-bssn-no-6-tahun-2024_terjemah,N
peraturan-bssn-no-8-tahun-2020,https://peraturan.go.id/terjemahresmi/peraturan-bssn-no-8-tahun-2020,https://peraturan.go.id/files2/peraturan-bssn-no-8-tahun-2020_terjemah,N
peraturan-dpd-no-1-tahun-2024,https://peraturan.go.id/terjemahresmi/peraturan-dpd-no-1-tahun-2024,https://peraturan.go.id/files2/peraturan-dpd-no-1-tahun-2024_terjemah,N
peraturan-kki-no-74-tahun-2020,https://peraturan.go.id/terjemahresmi/peraturan-kki-no-74-tahun-2020,https://peraturan.go.id/files2/peraturan-kki-no-74-tahun-2020_terjemah,N
peraturan-kpu-no-19-tahun-2023,https://peraturan.go.id/terjemahresmi/peraturan-kpu-no-19-tahun-2023,https://peraturan.go.id/files2/peraturan-kpu-no-19-tahun-2023_terjemah,N
peraturan-kpu-no-23-tahun-2023,https://peraturan.go.id/terjemahresmi/peraturan-kpu-no-23-tahun-2023,https://peraturan.go.id/files2/peraturan-kpu-no-23-tahun-2023_terjemah,N
peraturan-kpu-no-25-tahun-2023,https://peraturan.go.id/terjemahresmi/peraturan-kpu-no-25-tahun-2023,https://peraturan.go.id/files2/peraturan-kpu-no-25-tahun-2023_terjemah,N
peraturan-kpu-no-5-tahun-2024,https://peraturan.go.id/terjemahresmi/peraturan-kpu-no-5-tahun-2024,https://peraturan.go.id/files2/peraturan-kpu-no-5-tahun-2024_terjemah,N
peraturan-ky-no-3-tahun-2024,https://peraturan.go.id/terjemahresmi/peraturan-ky-no-3-tahun-2024,https://peraturan.go.id/files2/peraturan-ky-no-3-tahun-2024_terjemah,N
peraturan-ky-no-4-tahun-2024,https://peraturan.go.id/terjemahresmi/peraturan-ky-no-4-tahun-2024,https://peraturan.go.id/files2/peraturan-ky-no-4-tahun-2024_terjemah,N
peraturan-lkpp-no-19-tahun-2015,https://peraturan.go.id/terjemahresmi/peraturan-lkpp-no-19-tahun-2015,https://peraturan.go.id/files2/peraturan-lkpp-no-19-tahun-2015_terjemah,N
peraturan-lkpp-no-29-tahun-2018,https://peraturan.go.id/terjemahresmi/peraturan-lkpp-no-29-tahun-2018,https://peraturan.go.id/files2/peraturan-lkpp-no-29-tahun-2018_terjemah,N
peraturan-lps-no-2-tahun-2024,https://peraturan.go.id/terjemahresmi/peraturan-lps-no-2-tahun-2024,https://peraturan.go.id/files2/peraturan-lps-no-2-tahun-2024_terjemah,N
peraturan-lpsk-no-2-tahun-2020,https://peraturan.go.id/terjemahresmi/peraturan-lpsk-no-2-tahun-2020,https://peraturan.go.id/files2/peraturan-lpsk-no-2-tahun-2020_terjemah,N
peraturan-ma-no-1-tahun-2018,https://peraturan.go.id/terjemahresmi/peraturan-ma-no-1-tahun-2018,https://peraturan.go.id/files2/peraturan-ma-no-1-tahun-2018_terjemah,N
peraturan-ori-no-26-tahun-2017,https://peraturan.go.id/terjemahresmi/peraturan-ori-no-26-tahun-2017,https://peraturan.go.id/files2/peraturan-ori-no-26-tahun-2017_terjemah,N
peraturan-ori-no-41-tahun-2019,https://peraturan.go.id/terjemahresmi/peraturan-ori-no-41-tahun-2019,https://peraturan.go.id/files2/peraturan-ori-no-41-tahun-2019_terjemah,N
peraturan-ori-no-48-tahun-2020,https://peraturan.go.id/terjemahresmi/peraturan-ori-no-48-tahun-2020,https://peraturan.go.id/files2/peraturan-ori-no-48-tahun-2020_terjemah,N
peraturan-ori-no-55-tahun-2022,https://peraturan.go.id/terjemahresmi/peraturan-ori-no-55-tahun-2022,https://peraturan.go.id/files2/peraturan-ori-no-55-tahun-2022_terjemah,N
perda-kabupaten-bandung-barat-no-3-tahun-2024,https://peraturan.go.id/terjemahresmi/perda-kabupaten-bandung-barat-no-3-tahun-2024,https://peraturan.go.id/files2/perda-kabupaten-bandung-barat-no-3-tahun-2024_terjemah,N
perda-kabupaten-bandung-no-17-tahun-2022,https://peraturan.go.id/terjemahresmi/perda-kabupaten-bandung-no-17-tahun-2022,https://peraturan.go.id/files2/perda-kabupaten-bandung-no-17-tahun-2022_terjemah,N
perda-kabupaten-bandung-no-8-tahun-2025,https://peraturan.go.id/terjemahresmi/perda-kabupaten-bandung-no-8-tahun-2025,https://peraturan.go.id/files2/perda-kabupaten-bandung-no-8-tahun-2025_terjemah,N
perda-kabupaten-bangli-no-17-tahun-2016,https://peraturan.go.id/terjemahresmi/perda-kabupaten-bangli-no-17-tahun-2016,https://peraturan.go.id/files2/perda-kabupaten-bangli-no-17-tahun-2016_terjemah,N
perda-kabupaten-banjarnegara-no-3-tahun-2019,https://peraturan.go.id/terjemahresmi/perda-kabupaten-banjarnegara-no-3-tahun-2019,https://peraturan.go.id/files2/perda-kabupaten-banjarnegara-no-3-tahun-2019_terjemah,N
perda-kabupaten-banyumas-no-2-tahun-2013,https://peraturan.go.id/terjemahresmi/perda-kabupaten-banyumas-no-2-tahun-2013,https://peraturan.go.id/files2/perda-kabupaten-banyumas-no-2-tahun-2013_terjemah,N
perda-kabupaten-banyumas-no-3-tahun-2021,https://peraturan.go.id/terjemahresmi/perda-kabupaten-banyumas-no-3-tahun-2021,https://peraturan.go.id/files2/perda-kabupaten-banyumas-no-3-tahun-2021_terjemah,N
perda-kabupaten-banyuwangi-no-1-tahun-2015,https://peraturan.go.id/terjemahresmi/perda-kabupaten-banyuwangi-no-1-tahun-2015,https://peraturan.go.id/files2/perda-kabupaten-banyuwangi-no-1-tahun-2015_terjemah,N
perda-kabupaten-banyuwangi-no-1-tahun-2017,https://peraturan.go.id/terjemahresmi/perda-kabupaten-banyuwangi-no-1-tahun-2017,https://peraturan.go.id/files2/perda-kabupaten-banyuwangi-no-1-tahun-2017_terjemah,N
perda-kabupaten-banyuwangi-no-1-tahun-2019,https://peraturan.go.id/terjemahresmi/perda-kabupaten-banyuwangi-no-1-tahun-2019,https://peraturan.go.id/files2/perda-kabupaten-banyuwangi-no-1-tahun-2019_terjemah,N
perda-kabupaten-banyuwangi-no-10-tahun-2018,https://peraturan.go.id/terjemahresmi/perda-kabupaten-banyuwangi-no-10-tahun-2018,https://peraturan.go.id/files2/perda-kabupaten-banyuwangi-no-10-tahun-2018_terjemah,N
perda-kabupaten-banyuwangi-no-11-tahun-2014,https://peraturan.go.id/terjemahresmi/perda-kabupaten-banyuwangi-no-11-tahun-2014,https://peraturan.go.id/files2/perda-kabupaten-banyuwangi-no-11-tahun-2014_terjemah,N
perda-kabupaten-banyuwangi-no-12-tahun-2015,https://peraturan.go.id/terjemahresmi/perda-kabupaten-banyuwangi-no-12-tahun-2015,https://peraturan.go.id/files2/perda-kabupaten-banyuwangi-no-12-tahun-2015_terjemah,N
perda-kabupaten-banyuwangi-no-14-tahun-2017,https://peraturan.go.id/terjemahresmi/perda-kabupaten-banyuwangi-no-14-tahun-2017,https://peraturan.go.id/files2/perda-kabupaten-banyuwangi-no-14-tahun-2017_terjemah,N
perda-kabupaten-banyuwangi-no-2-tahun-2020,https://peraturan.go.id/terjemahresmi/perda-kabupaten-banyuwangi-no-2-tahun-2020,https://peraturan.go.id/files2/perda-kabupaten-banyuwangi-no-2-tahun-2020_terjemah,N
perda-kabupaten-banyuwangi-no-3-tahun-2020,https://peraturan.go.id/terjemahresmi/perda-kabupaten-banyuwangi-no-3-tahun-2020,https://peraturan.go.id/files2/perda-kabupaten-banyuwangi-no-3-tahun-2020_terjemah,N
perda-kabupaten-banyuwangi-no-3-tahun-2024,https://peraturan.go.id/terjemahresmi/perda-kabupaten-banyuwangi-no-3-tahun-2024,https://peraturan.go.id/files2/perda-kabupaten-banyuwangi-no-3-tahun-2024_terjemah,N
perda-kabupaten-banyuwangi-no-4-tahun-2016,https://peraturan.go.id/terjemahresmi/perda-kabupaten-banyuwangi-no-4-tahun-2016,https://peraturan.go.id/files2/perda-kabupaten-banyuwangi-no-4-tahun-2016_terjemah,N
perda-kabupaten-banyuwangi-no-5-tahun-2017,https://peraturan.go.id/terjemahresmi/perda-kabupaten-banyuwangi-no-5-tahun-2017,https://peraturan.go.id/files2/perda-kabupaten-banyuwangi-no-5-tahun-2017_terjemah,N
perda-kabupaten-banyuwangi-no-6-tahun-2017,https://peraturan.go.id/terjemahresmi/perda-kabupaten-banyuwangi-no-6-tahun-2017,https://peraturan.go.id/files2/perda-kabupaten-banyuwangi-no-6-tahun-2017_terjemah,N
perda-kabupaten-banyuwangi-no-6-tahun-2018,https://peraturan.go.id/terjemahresmi/perda-kabupaten-banyuwangi-no-6-tahun-2018,https://peraturan.go.id/files2/perda-kabupaten-banyuwangi-no-6-tahun-2018_terjemah,N
perda-kabupaten-banyuwangi-no-7-tahun-2019,https://peraturan.go.id/terjemahresmi/perda-kabupaten-banyuwangi-no-7-tahun-2019,https://peraturan.go.id/files2/perda-kabupaten-banyuwangi-no-7-tahun-2019_terjemah,N
perda-kabupaten-banyuwangi-no-7-tahun-2020,https://peraturan.go.id/terjemahresmi/perda-kabupaten-banyuwangi-no-7-tahun-2020,https://peraturan.go.id/files2/perda-kabupaten-banyuwangi-no-7-tahun-2020_terjemah,N
perda-kabupaten-batang-no-11-tahun-2019,https://peraturan.go.id/terjemahresmi/perda-kabupaten-batang-no-11-tahun-2019,https://peraturan.go.id/files2/perda-kabupaten-batang-no-11-tahun-2019_terjemah,N
perda-kabupaten-batang-no-13-tahun-2019,https://peraturan.go.id/terjemahresmi/perda-kabupaten-batang-no-13-tahun-2019,https://peraturan.go.id/files2/perda-kabupaten-batang-no-13-tahun-2019_terjemah,N
perda-kabupaten-batang-no-3-tahun-2021,https://peraturan.go.id/terjemahresmi/perda-kabupaten-batang-no-3-tahun-2021,https://peraturan.go.id/files2/perda-kabupaten-batang-no-3-tahun-2021_terjemah,N
perda-kabupaten-batang-no-3-tahun-2023,https://peraturan.go.id/terjemahresmi/perda-kabupaten-batang-no-3-tahun-2023,https://peraturan.go.id/files2/perda-kabupaten-batang-no-3-tahun-2023_terjemah,N
perda-kabupaten-batang-no-45-tahun-2022,https://peraturan.go.id/terjemahresmi/perda-kabupaten-batang-no-45-tahun-2022,https://peraturan.go.id/files2/perda-kabupaten-batang-no-45-tahun-2022_terjemah,N
perda-kabupaten-batang-no-6-tahun-2019,https://peraturan.go.id/terjemahresmi/perda-kabupaten-batang-no-6-tahun-2019,https://peraturan.go.id/files2/perda-kabupaten-batang-no-6-tahun-2019_terjemah,N
perda-kabupaten-batang-no-8-tahun-2022,https://peraturan.go.id/terjemahresmi/perda-kabupaten-batang-no-8-tahun-2022,https://peraturan.go.id/files2/perda-kabupaten-batang-no-8-tahun-2022_terjemah,N
perda-kabupaten-belitung-timur-no-15-tahun-2023,https://peraturan.go.id/terjemahresmi/perda-kabupaten-belitung-timur-no-15-tahun-2023,https://peraturan.go.id/files2/perda-kabupaten-belitung-timur-no-15-tahun-2023_terjemah,N
perda-kabupaten-belitung-timur-no-7-tahun-2021,https://peraturan.go.id/terjemahresmi/perda-kabupaten-belitung-timur-no-7-tahun-2021,https://peraturan.go.id/files2/perda-kabupaten-belitung-timur-no-7-tahun-2021_terjemah,N
perda-kabupaten-blitar-no-6-tahun-2021,https://peraturan.go.id/terjemahresmi/perda-kabupaten-blitar-no-6-tahun-2021,https://peraturan.go.id/files2/perda-kabupaten-blitar-no-6-tahun-2021_terjemah,N
perda-kabupaten-bogor-no-1-tahun-2023,https://peraturan.go.id/terjemahresmi/perda-kabupaten-bogor-no-1-tahun-2023,https://peraturan.go.id/files2/perda-kabupaten-bogor-no-1-tahun-2023_terjemah,N
perda-kabupaten-boyolali-no-2-tahun-2023,https://peraturan.go.id/terjemahresmi/perda-kabupaten-boyolali-no-2-tahun-2023,https://peraturan.go.id/files2/perda-kabupaten-boyolali-no-2-tahun-2023_terjemah,N
perda-kabupaten-brebes-no-11-tahun-2021,https://peraturan.go.id/terjemahresmi/perda-kabupaten-brebes-no-11-tahun-2021,https://peraturan.go.id/files2/perda-kabupaten-brebes-no-11-tahun-2021_terjemah,N
perda-kabupaten-buleleng-no-1-tahun-2023,https://peraturan.go.id/terjemahresmi/perda-kabupaten-buleleng-no-1-tahun-2023,https://peraturan.go.id/files2/perda-kabupaten-buleleng-no-1-tahun-2023_terjemah,N
perda-kabupaten-buleleng-no-2-tahun-2024,https://peraturan.go.id/terjemahresmi/perda-kabupaten-buleleng-no-2-tahun-2024,https://peraturan.go.id/files2/perda-kabupaten-buleleng-no-2-tahun-2024_terjemah,N
perda-kabupaten-cilacap-no-8-tahun-2025,https://peraturan.go.id/terjemahresmi/perda-kabupaten-cilacap-no-8-tahun-2025,https://peraturan.go.id/files2/perda-kabupaten-cilacap-no-8-tahun-2025_terjemah,N
perda-kabupaten-demak-no-14-tahun-2024,https://peraturan.go.id/terjemahresmi/perda-kabupaten-demak-no-14-tahun-2024,https://peraturan.go.id/files2/perda-kabupaten-demak-no-14-tahun-2024_terjemah,N
perda-kabupaten-demak-no-3-tahun-2022,https://peraturan.go.id/terjemahresmi/perda-kabupaten-demak-no-3-tahun-2022,https://peraturan.go.id/files2/perda-kabupaten-demak-no-3-tahun-2022_terjemah,N
perda-kabupaten-demak-no-7-tahun-2023,https://peraturan.go.id/terjemahresmi/perda-kabupaten-demak-no-7-tahun-2023,https://peraturan.go.id/files2/perda-kabupaten-demak-no-7-tahun-2023_terjemah,N
perda-kabupaten-gianyar-no-3-tahun-2024,https://peraturan.go.id/terjemahresmi/perda-kabupaten-gianyar-no-3-tahun-2024,https://peraturan.go.id/files2/perda-kabupaten-gianyar-no-3-tahun-2024_terjemah,N
perda-kabupaten-gianyar-no-5-tahun-2022,https://peraturan.go.id/terjemahresmi/perda-kabupaten-gianyar-no-5-tahun-2022,https://peraturan.go.id/files2/perda-kabupaten-gianyar-no-5-tahun-2022_terjemah,N
perda-kabupaten-gresik-no-3-tahun-2021,https://peraturan.go.id/terjemahresmi/perda-kabupaten-gresik-no-3-tahun-2021,https://peraturan.go.id/files2/perda-kabupaten-gresik-no-3-tahun-2021_terjemah,N
perda-kabupaten-grobogan-no-11-tahun-2022,https://peraturan.go.id/terjemahresmi/perda-kabupaten-grobogan-no-11-tahun-2022,https://peraturan.go.id/files2/perda-kabupaten-grobogan-no-11-tahun-2022_terjemah,N
perda-kabupaten-jember-no-9-tahun-2024,https://peraturan.go.id/terjemahresmi/perda-kabupaten-jember-no-9-tahun-2024,https://peraturan.go.id/files2/perda-kabupaten-jember-no-9-tahun-2024_terjemah,N
perda-kabupaten-karang-asem-no-1-tahun-2022,https://peraturan.go.id/terjemahresmi/perda-kabupaten-karang-asem-no-1-tahun-2022,https://peraturan.go.id/files2/perda-kabupaten-karang-asem-no-1-tahun-2022_terjemah,N
perda-kabupaten-karang-asem-no-2-tahun-2024,https://peraturan.go.id/terjemahresmi/perda-kabupaten-karang-asem-no-2-tahun-2024,https://peraturan.go.id/files2/perda-kabupaten-karang-asem-no-2-tahun-2024_terjemah,N
perda-kabupaten-karang-asem-no-3-tahun-2022,https://peraturan.go.id/terjemahresmi/perda-kabupaten-karang-asem-no-3-tahun-2022,https://peraturan.go.id/files2/perda-kabupaten-karang-asem-no-3-tahun-2022_terjemah,N
perda-kabupaten-karanganyar-no-12-tahun-2023,https://peraturan.go.id/terjemahresmi/perda-kabupaten-karanganyar-no-12-tahun-2023,https://peraturan.go.id/files2/perda-kabupaten-karanganyar-no-12-tahun-2023_terjemah,N
perda-kabupaten-karawang-no-1-tahun-2024,https://peraturan.go.id/terjemahresmi/perda-kabupaten-karawang-no-1-tahun-2024,https://peraturan.go.id/files2/perda-kabupaten-karawang-no-1-tahun-2024_terjemah,N
perda-kabupaten-karawang-no-11-tahun-2022,https://peraturan.go.id/terjemahresmi/perda-kabupaten-karawang-no-11-tahun-2022,https://peraturan.go.id/files2/perda-kabupaten-karawang-no-11-tahun-2022_terjemah,N
perda-kabupaten-karawang-no-17-tahun-2023,https://peraturan.go.id/terjemahresmi/perda-kabupaten-karawang-no-17-tahun-2023,https://peraturan.go.id/files2/perda-kabupaten-karawang-no-17-tahun-2023_terjemah,N
perda-kabupaten-kebumen-no-25-tahun-2023,https://peraturan.go.id/terjemahresmi/perda-kabupaten-kebumen-no-25-tahun-2023,https://peraturan.go.id/files2/perda-kabupaten-kebumen-no-25-tahun-2023_terjemah,N
perda-kabupaten-kebumen-no-4-tahun-2024,https://peraturan.go.id/terjemahresmi/perda-kabupaten-kebumen-no-4-tahun-2024,https://peraturan.go.id/files2/perda-kabupaten-kebumen-no-4-tahun-2024_terjemah,N
perda-kabupaten-kebumen-no-7-tahun-2024,https://peraturan.go.id/terjemahresmi/perda-kabupaten-kebumen-no-7-tahun-2024,https://peraturan.go.id/files2/perda-kabupaten-kebumen-no-7-tahun-2024_terjemah,N
perda-kabupaten-kendal-no-10-tahun-2025,https://peraturan.go.id/terjemahresmi/perda-kabupaten-kendal-no-10-tahun-2025,https://peraturan.go.id/files2/perda-kabupaten-kendal-no-10-tahun-2025_terjemah,N
perda-kabupaten-kendal-no-5-tahun-2023,https://peraturan.go.id/terjemahresmi/perda-kabupaten-kendal-no-5-tahun-2023,https://peraturan.go.id/files2/perda-kabupaten-kendal-no-5-tahun-2023_terjemah,N
perda-kabupaten-kutai-kartanegara-no-11-tahun-2024,https://peraturan.go.id/terjemahresmi/perda-kabupaten-kutai-kartanegara-no-11-tahun-2024,https://peraturan.go.id/files2/perda-kabupaten-kutai-kartanegara-no-11-tahun-2024_terjemah,N
perda-kabupaten-kutai-kartanegara-no-3-tahun-2024,https://peraturan.go.id/terjemahresmi/perda-kabupaten-kutai-kartanegara-no-3-tahun-2024,https://peraturan.go.id/files2/perda-kabupaten-kutai-kartanegara-no-3-tahun-2024_terjemah,N
perda-kabupaten-kutai-kartanegara-no-8-tahun-2024,https://peraturan.go.id/terjemahresmi/perda-kabupaten-kutai-kartanegara-no-8-tahun-2024,https://peraturan.go.id/files2/perda-kabupaten-kutai-kartanegara-no-8-tahun-2024_terjemah,N
perda-kabupaten-lampung-selatan-no-5-tahun-2018,https://peraturan.go.id/terjemahresmi/perda-kabupaten-lampung-selatan-no-5-tahun-2018,https://peraturan.go.id/files2/perda-kabupaten-lampung-selatan-no-5-tahun-2018_terjemah,N
perda-kabupaten-lampung-selatan-no-6-tahun-2024,https://peraturan.go.id/terjemahresmi/perda-kabupaten-lampung-selatan-no-6-tahun-2024,https://peraturan.go.id/files2/perda-kabupaten-lampung-selatan-no-6-tahun-2024_terjemah,N
perda-kabupaten-lebak--no-3-tahun-2023,https://peraturan.go.id/terjemahresmi/perda-kabupaten-lebak--no-3-tahun-2023,https://peraturan.go.id/files2/perda-kabupaten-lebak--no-3-tahun-2023_terjemah,N
perda-kabupaten-lebak--no-9-tahun-2023,https://peraturan.go.id/terjemahresmi/perda-kabupaten-lebak--no-9-tahun-2023,https://peraturan.go.id/files2/perda-kabupaten-lebak--no-9-tahun-2023_terjemah,N
perda-kabupaten-magelang-no-12-tahun-2024,https://peraturan.go.id/terjemahresmi/perda-kabupaten-magelang-no-12-tahun-2024,https://peraturan.go.id/files2/perda-kabupaten-magelang-no-12-tahun-2024_terjemah,N
perda-kabupaten-magelang-no-6-tahun-2021,https://peraturan.go.id/terjemahresmi/perda-kabupaten-magelang-no-6-tahun-2021,https://peraturan.go.id/files2/perda-kabupaten-magelang-no-6-tahun-2021_terjemah,N
perda-kabupaten-mimika-no-10-tahun-2020,https://peraturan.go.id/terjemahresmi/perda-kabupaten-mimika-no-10-tahun-2020,https://peraturan.go.id/files2/perda-kabupaten-mimika-no-10-tahun-2020_terjemah,N
perda-kabupaten-mimika-no-3-tahun-2024,https://peraturan.go.id/terjemahresmi/perda-kabupaten-mimika-no-3-tahun-2024,https://peraturan.go.id/files2/perda-kabupaten-mimika-no-3-tahun-2024_terjemah,N
perda-kabupaten-pemalang-no-12-tahun-2022,https://peraturan.go.id/terjemahresmi/perda-kabupaten-pemalang-no-12-tahun-2022,https://peraturan.go.id/files2/perda-kabupaten-pemalang-no-12-tahun-2022_terjemah,N
perda-kabupaten-pemalang-no-9-tahun-2020,https://peraturan.go.id/terjemahresmi/perda-kabupaten-pemalang-no-9-tahun-2020,https://peraturan.go.id/files2/perda-kabupaten-pemalang-no-9-tahun-2020_terjemah,N
perda-kabupaten-purbalingga-no-10-tahun-2023,https://peraturan.go.id/terjemahresmi/perda-kabupaten-purbalingga-no-10-tahun-2023,https://peraturan.go.id/files2/perda-kabupaten-purbalingga-no-10-tahun-2023_terjemah,N
perda-kabupaten-purbalingga-no-13-tahun-2023,https://peraturan.go.id/terjemahresmi/perda-kabupaten-purbalingga-no-13-tahun-2023,https://peraturan.go.id/files2/perda-kabupaten-purbalingga-no-13-tahun-2023_terjemah,N
perda-kabupaten-purbalingga-no-14-tahun-2024,https://peraturan.go.id/terjemahresmi/perda-kabupaten-purbalingga-no-14-tahun-2024,https://peraturan.go.id/files2/perda-kabupaten-purbalingga-no-14-tahun-2024_terjemah,N
perda-kabupaten-rembang-no-9-tahun-2022,https://peraturan.go.id/terjemahresmi/perda-kabupaten-rembang-no-9-tahun-2022,https://peraturan.go.id/files2/perda-kabupaten-rembang-no-9-tahun-2022_terjemah,N
perda-kabupaten-sambas-no-4-tahun-2021,https://peraturan.go.id/terjemahresmi/perda-kabupaten-sambas-no-4-tahun-2021,https://peraturan.go.id/files2/perda-kabupaten-sambas-no-4-tahun-2021_terjemah,N
perda-kabupaten-semarang-no-4-tahun-2021,https://peraturan.go.id/terjemahresmi/perda-kabupaten-semarang-no-4-tahun-2021,https://peraturan.go.id/files2/perda-kabupaten-semarang-no-4-tahun-2021_terjemah,N
perda-kabupaten-semarang-no-8-tahun-2023,https://peraturan.go.id/terjemahresmi/perda-kabupaten-semarang-no-8-tahun-2023,https://peraturan.go.id/files2/perda-kabupaten-semarang-no-8-tahun-2023_terjemah,N
perda-kabupaten-semarang-no-9-tahun-2019,https://peraturan.go.id/terjemahresmi/perda-kabupaten-semarang-no-9-tahun-2019,https://peraturan.go.id/files2/perda-kabupaten-semarang-no-9-tahun-2019_terjemah,N
perda-kabupaten-serang-no-4-tahun-2024,https://peraturan.go.id/terjemahresmi/perda-kabupaten-serang-no-4-tahun-2024,https://peraturan.go.id/files2/perda-kabupaten-serang-no-4-tahun-2024_terjemah,N
perda-kabupaten-sragen-no-1-tahun-2025,https://peraturan.go.id/terjemahresmi/perda-kabupaten-sragen-no-1-tahun-2025,https://peraturan.go.id/files2/perda-kabupaten-sragen-no-1-tahun-2025_terjemah,N
perda-kabupaten-subang-no-1-tahun-2023,https://peraturan.go.id/terjemahresmi/perda-kabupaten-subang-no-1-tahun-2023,https://peraturan.go.id/files2/perda-kabupaten-subang-no-1-tahun-2023_terjemah,N
perda-kabupaten-sukoharjo-no-1-tahun-2025,https://peraturan.go.id/terjemahresmi/perda-kabupaten-sukoharjo-no-1-tahun-2025,https://peraturan.go.id/files2/perda-kabupaten-sukoharjo-no-1-tahun-2025_terjemah,N
perda-kabupaten-sukoharjo-no-2-tahun-2021,https://peraturan.go.id/terjemahresmi/perda-kabupaten-sukoharjo-no-2-tahun-2021,https://peraturan.go.id/files2/perda-kabupaten-sukoharjo-no-2-tahun-2021_terjemah,N
perda-kabupaten-sumedang-no-1-tahun-2023,https://peraturan.go.id/terjemahresmi/perda-kabupaten-sumedang-no-1-tahun-2023,https://peraturan.go.id/files2/perda-kabupaten-sumedang-no-1-tahun-2023_terjemah,N
perda-kabupaten-sumedang-no-4-tahun-2024,https://peraturan.go.id/terjemahresmi/perda-kabupaten-sumedang-no-4-tahun-2024,https://peraturan.go.id/files2/perda-kabupaten-sumedang-no-4-tahun-2024_terjemah,N
perda-kabupaten-tegal-no-1-tahun-2021,https://peraturan.go.id/terjemahresmi/perda-kabupaten-tegal-no-1-tahun-2021,https://peraturan.go.id/files2/perda-kabupaten-tegal-no-1-tahun-2021_terjemah,N
perda-kabupaten-temanggung-no-6-tahun-2022,https://peraturan.go.id/terjemahresmi/perda-kabupaten-temanggung-no-6-tahun-2022,https://peraturan.go.id/files2/perda-kabupaten-temanggung-no-6-tahun-2022_terjemah,N
perda-kabupaten-trenggalek-no-1-tahun-2024,https://peraturan.go.id/terjemahresmi/perda-kabupaten-trenggalek-no-1-tahun-2024,https://peraturan.go.id/files2/perda-kabupaten-trenggalek-no-1-tahun-2024_terjemah,N
perda-kabupaten-tuban-no-10-tahun-2019,https://peraturan.go.id/terjemahresmi/perda-kabupaten-tuban-no-10-tahun-2019,https://peraturan.go.id/files2/perda-kabupaten-tuban-no-10-tahun-2019_terjemah,N
perda-kabupaten-tuban-no-2-tahun-2014,https://peraturan.go.id/terjemahresmi/perda-kabupaten-tuban-no-2-tahun-2014,https://peraturan.go.id/files2/perda-kabupaten-tuban-no-2-tahun-2014_terjemah,N
perda-kabupaten-tuban-no-5-tahun-2013,https://peraturan.go.id/terjemahresmi/perda-kabupaten-tuban-no-5-tahun-2013,https://peraturan.go.id/files2/perda-kabupaten-tuban-no-5-tahun-2013_terjemah,N
perda-kabupaten-wonosobo-no-10-tahun-2021,https://peraturan.go.id/terjemahresmi/perda-kabupaten-wonosobo-no-10-tahun-2021,https://peraturan.go.id/files2/perda-kabupaten-wonosobo-no-10-tahun-2021_terjemah,N
perda-kabupaten-wonosobo-no-9-tahun-2022,https://peraturan.go.id/terjemahresmi/perda-kabupaten-wonosobo-no-9-tahun-2022,https://peraturan.go.id/files2/perda-kabupaten-wonosobo-no-9-tahun-2022_terjemah,N
perda-kota-balikpapan-no-13-tahun-2015,https://peraturan.go.id/terjemahresmi/perda-kota-balikpapan-no-13-tahun-2015,https://peraturan.go.id/files2/perda-kota-balikpapan-no-13-tahun-2015_terjemah,N
perda-kota-balikpapan-no-4-tahun-2022,https://peraturan.go.id/terjemahresmi/perda-kota-balikpapan-no-4-tahun-2022,https://peraturan.go.id/files2/perda-kota-balikpapan-no-4-tahun-2022_terjemah,N
perda-kota-balikpapan-no-7-tahun-2022,https://peraturan.go.id/terjemahresmi/perda-kota-balikpapan-no-7-tahun-2022,https://peraturan.go.id/files2/perda-kota-balikpapan-no-7-tahun-2022_terjemah,N
perda-kota-batu-no-1-tahun-2021,https://peraturan.go.id/terjemahresmi/perda-kota-batu-no-1-tahun-2021,https://peraturan.go.id/files2/perda-kota-batu-no-1-tahun-2021_terjemah,N
perda-kota-binjai-no-10-tahun-2025,https://peraturan.go.id/terjemahresmi/perda-kota-binjai-no-10-tahun-2025,https://peraturan.go.id/files2/perda-kota-binjai-no-10-tahun-2025_terjemah,N
perda-kota-binjai-no-3-tahun-2023,https://peraturan.go.id/terjemahresmi/perda-kota-binjai-no-3-tahun-2023,https://peraturan.go.id/files2/perda-kota-binjai-no-3-tahun-2023_terjemah,N
perda-kota-bogor-no-2-tahun-2020,https://peraturan.go.id/terjemahresmi/perda-kota-bogor-no-2-tahun-2020,https://peraturan.go.id/files2/perda-kota-bogor-no-2-tahun-2020_terjemah,N
perda-kota-bogor-no-2-tahun-2023,https://peraturan.go.id/terjemahresmi/perda-kota-bogor-no-2-tahun-2023,https://peraturan.go.id/files2/perda-kota-bogor-no-2-tahun-2023_terjemah,N
perda-kota-bukit-tinggi-no-1-tahun-2021,https://peraturan.go.id/terjemahresmi/perda-kota-bukit-tinggi-no-1-tahun-2021,https://peraturan.go.id/files2/perda-kota-bukit-tinggi-no-1-tahun-2021_terjemah,N
perda-kota-bukit-tinggi-no-1-tahun-2024,https://peraturan.go.id/terjemahresmi/perda-kota-bukit-tinggi-no-1-tahun-2024,https://peraturan.go.id/files2/perda-kota-bukit-tinggi-no-1-tahun-2024_terjemah,N
perda-kota-bukit-tinggi-no-10-tahun-2019,https://peraturan.go.id/terjemahresmi/perda-kota-bukit-tinggi-no-10-tahun-2019,https://peraturan.go.id/files2/perda-kota-bukit-tinggi-no-10-tahun-2019_terjemah,N
perda-kota-bukit-tinggi-no-13-tahun-2019,https://peraturan.go.id/terjemahresmi/perda-kota-bukit-tinggi-no-13-tahun-2019,https://peraturan.go.id/files2/perda-kota-bukit-tinggi-no-13-tahun-2019_terjemah,N
perda-kota-bukit-tinggi-no-13-tahun-2021,https://peraturan.go.id/terjemahresmi/perda-kota-bukit-tinggi-no-13-tahun-2021,https://peraturan.go.id/files2/perda-kota-bukit-tinggi-no-13-tahun-2021_terjemah,N
perda-kota-bukit-tinggi-no-4-tahun-2019,https://peraturan.go.id/terjemahresmi/perda-kota-bukit-tinggi-no-4-tahun-2019,https://peraturan.go.id/files2/perda-kota-bukit-tinggi-no-4-tahun-2019_terjemah,N
perda-kota-bukit-tinggi-no-5-tahun-2021,https://peraturan.go.id/terjemahresmi/perda-kota-bukit-tinggi-no-5-tahun-2021,https://peraturan.go.id/files2/perda-kota-bukit-tinggi-no-5-tahun-2021_terjemah,N
perda-kota-bukit-tinggi-no-5-tahun-2023,https://peraturan.go.id/terjemahresmi/perda-kota-bukit-tinggi-no-5-tahun-2023,https://peraturan.go.id/files2/perda-kota-bukit-tinggi-no-5-tahun-2023_terjemah,N
perda-kota-bukit-tinggi-no-9-tahun-2014,https://peraturan.go.id/terjemahresmi/perda-kota-bukit-tinggi-no-9-tahun-2014,https://peraturan.go.id/files2/perda-kota-bukit-tinggi-no-9-tahun-2014_terjemah,N
perda-kota-bukit-tinggi-no-9-tahun-2019,https://peraturan.go.id/terjemahresmi/perda-kota-bukit-tinggi-no-9-tahun-2019,https://peraturan.go.id/files2/perda-kota-bukit-tinggi-no-9-tahun-2019_terjemah,N
perda-kota-cirebon-no-3-tahun-2024,https://peraturan.go.id/terjemahresmi/perda-kota-cirebon-no-3-tahun-2024,https://peraturan.go.id/files2/perda-kota-cirebon-no-3-tahun-2024_terjemah,N
perda-kota-denpasar-no-6-tahun-2019,https://peraturan.go.id/terjemahresmi/perda-kota-denpasar-no-6-tahun-2019,https://peraturan.go.id/files2/perda-kota-denpasar-no-6-tahun-2019_terjemah,N
perda-kota-denpasar-no-7-tahun-2021,https://peraturan.go.id/terjemahresmi/perda-kota-denpasar-no-7-tahun-2021,https://peraturan.go.id/files2/perda-kota-denpasar-no-7-tahun-2021_terjemah,N
perda-kota-denpasar-no-8-tahun-2023,https://peraturan.go.id/terjemahresmi/perda-kota-denpasar-no-8-tahun-2023,https://peraturan.go.id/files2/perda-kota-denpasar-no-8-tahun-2023_terjemah,N
perda-kota-depok-no-2-tahun-2024,https://peraturan.go.id/terjemahresmi/perda-kota-depok-no-2-tahun-2024,https://peraturan.go.id/files2/perda-kota-depok-no-2-tahun-2024_terjemah,N
perda-kota-madiun-no-8-tahun-2023,https://peraturan.go.id/terjemahresmi/perda-kota-madiun-no-8-tahun-2023,https://peraturan.go.id/files2/perda-kota-madiun-no-8-tahun-2023_terjemah,N
perda-kota-malang-no-2-tahun-2024,https://peraturan.go.id/terjemahresmi/perda-kota-malang-no-2-tahun-2024,https://peraturan.go.id/files2/perda-kota-malang-no-2-tahun-2024_terjemah,N
perda-kota-medan-no-4-tahun-2024,https://peraturan.go.id/terjemahresmi/perda-kota-medan-no-4-tahun-2024,https://peraturan.go.id/files2/perda-kota-medan-no-4-tahun-2024_terjemah,N
perda-kota-metro-no-1-tahun-2023,https://peraturan.go.id/terjemahresmi/perda-kota-metro-no-1-tahun-2023,https://peraturan.go.id/files2/perda-kota-metro-no-1-tahun-2023_terjemah,N
perda-kota-metro-no-3-tahun-2023,https://peraturan.go.id/terjemahresmi/perda-kota-metro-no-3-tahun-2023,https://peraturan.go.id/files2/perda-kota-metro-no-3-tahun-2023_terjemah,N
perda-kota-padang-no-2-tahun-2024,https://peraturan.go.id/terjemahresmi/perda-kota-padang-no-2-tahun-2024,https://peraturan.go.id/files2/perda-kota-padang-no-2-tahun-2024_terjemah,N
perda-kota-pasuruan-no-5-tahun-2017,https://peraturan.go.id/terjemahresmi/perda-kota-pasuruan-no-5-tahun-2017,https://peraturan.go.id/files2/perda-kota-pasuruan-no-5-tahun-2017_terjemah,N
perda-kota-pekalongan-no-3-tahun-2024,https://peraturan.go.id/terjemahresmi/perda-kota-pekalongan-no-3-tahun-2024,https://peraturan.go.id/files2/perda-kota-pekalongan-no-3-tahun-2024_terjemah,N
perda-kota-semarang-no-1-tahun-2023,https://peraturan.go.id/terjemahresmi/perda-kota-semarang-no-1-tahun-2023,https://peraturan.go.id/files2/perda-kota-semarang-no-1-tahun-2023_terjemah,N
perda-kota-semarang-no-1-tahun-2025,https://peraturan.go.id/terjemahresmi/perda-kota-semarang-no-1-tahun-2025,https://peraturan.go.id/files2/perda-kota-semarang-no-1-tahun-2025_terjemah,N
perda-kota-semarang-no-5-tahun-2024,https://peraturan.go.id/terjemahresmi/perda-kota-semarang-no-5-tahun-2024,https://peraturan.go.id/files2/perda-kota-semarang-no-5-tahun-2024_terjemah,N
perda-kota-semarang-no-7-tahun-2023,https://peraturan.go.id/terjemahresmi/perda-kota-semarang-no-7-tahun-2023,https://peraturan.go.id/files2/perda-kota-semarang-no-7-tahun-2023_terjemah,N
perda-kota-semarang-no-9-tahun-2014,https://peraturan.go.id/terjemahresmi/perda-kota-semarang-no-9-tahun-2014,https://peraturan.go.id/files2/perda-kota-semarang-no-9-tahun-2014_terjemah,N
perda-kota-surabaya-no-1-tahun-2023,https://peraturan.go.id/terjemahresmi/perda-kota-surabaya-no-1-tahun-2023,https://peraturan.go.id/files2/perda-kota-surabaya-no-1-tahun-2023_terjemah,N
perda-kota-surabaya-no-5-tahun-2025,https://peraturan.go.id/terjemahresmi/perda-kota-surabaya-no-5-tahun-2025,https://peraturan.go.id/files2/perda-kota-surabaya-no-5-tahun-2025_terjemah,N
perda-kota-surakarta-no-1-tahun-2025,https://peraturan.go.id/terjemahresmi/perda-kota-surakarta-no-1-tahun-2025,https://peraturan.go.id/files2/perda-kota-surakarta-no-1-tahun-2025_terjemah,N
perda-kota-surakarta-no-4-tahun-2020,https://peraturan.go.id/terjemahresmi/perda-kota-surakarta-no-4-tahun-2020,https://peraturan.go.id/files2/perda-kota-surakarta-no-4-tahun-2020_terjemah,N
perda-kota-surakarta-no-6-tahun-2022,https://peraturan.go.id/terjemahresmi/perda-kota-surakarta-no-6-tahun-2022,https://peraturan.go.id/files2/perda-kota-surakarta-no-6-tahun-2022_terjemah,N
perda-kota-tangerang-no-1-tahun-2021,https://peraturan.go.id/terjemahresmi/perda-kota-tangerang-no-1-tahun-2021,https://peraturan.go.id/files2/perda-kota-tangerang-no-1-tahun-2021_terjemah,N
perda-kota-tangerang-no-1-tahun-2023,https://peraturan.go.id/terjemahresmi/perda-kota-tangerang-no-1-tahun-2023,https://peraturan.go.id/files2/perda-kota-tangerang-no-1-tahun-2023_terjemah,N
perda-kota-tangerang-no-12-tahun-2023,https://peraturan.go.id/terjemahresmi/perda-kota-tangerang-no-12-tahun-2023,https://peraturan.go.id/files2/perda-kota-tangerang-no-12-tahun-2023_terjemah,N
perda-kota-tangerang-no-3-tahun-2015,https://peraturan.go.id/terjemahresmi/perda-kota-tangerang-no-3-tahun-2015,https://peraturan.go.id/files2/perda-kota-tangerang-no-3-tahun-2015_terjemah,N
perda-kota-tangerang-no-3-tahun-2021,https://peraturan.go.id/terjemahresmi/perda-kota-tangerang-no-3-tahun-2021,https://peraturan.go.id/files2/perda-kota-tangerang-no-3-tahun-2021_terjemah,N
perda-kota-tangerang-no-3-tahun-2023,https://peraturan.go.id/terjemahresmi/perda-kota-tangerang-no-3-tahun-2023,https://peraturan.go.id/files2/perda-kota-tangerang-no-3-tahun-2023_terjemah,N
perda-kota-tangerang-no-4-tahun-2021,https://peraturan.go.id/terjemahresmi/perda-kota-tangerang-no-4-tahun-2021,https://peraturan.go.id/files2/perda-kota-tangerang-no-4-tahun-2021_terjemah,N
perda-kota-tangerang-no-4-tahun-2022,https://peraturan.go.id/terjemahresmi/perda-kota-tangerang-no-4-tahun-2022,https://peraturan.go.id/files2/perda-kota-tangerang-no-4-tahun-2022_terjemah,N
perda-kota-tangerang-no-4-tahun-2023,https://peraturan.go.id/terjemahresmi/perda-kota-tangerang-no-4-tahun-2023,https://peraturan.go.id/files2/perda-kota-tangerang-no-4-tahun-2023_terjemah,N
perda-kota-tangerang-no-6-tahun-2022,https://peraturan.go.id/terjemahresmi/perda-kota-tangerang-no-6-tahun-2022,https://peraturan.go.id/files2/perda-kota-tangerang-no-6-tahun-2022_terjemah,N
perda-kota-tangerang-no-6-tahun-2023,https://peraturan.go.id/terjemahresmi/perda-kota-tangerang-no-6-tahun-2023,https://peraturan.go.id/files2/perda-kota-tangerang-no-6-tahun-2023_terjemah,N
perda-kota-tangerang-no-7-tahun-2021,https://peraturan.go.id/terjemahresmi/perda-kota-tangerang-no-7-tahun-2021,https://peraturan.go.id/files2/perda-kota-tangerang-no-7-tahun-2021_terjemah,N
perda-kota-tangerang-no-7-tahun-2022,https://peraturan.go.id/terjemahresmi/perda-kota-tangerang-no-7-tahun-2022,https://peraturan.go.id/files2/perda-kota-tangerang-no-7-tahun-2022_terjemah,N
perda-kota-tangerang-no-8-tahun-2021,https://peraturan.go.id/terjemahresmi/perda-kota-tangerang-no-8-tahun-2021,https://peraturan.go.id/files2/perda-kota-tangerang-no-8-tahun-2021_terjemah,N
perda-kota-yogyakarta-no-2-tahun-2017,https://peraturan.go.id/terjemahresmi/perda-kota-yogyakarta-no-2-tahun-2017,https://peraturan.go.id/files2/perda-kota-yogyakarta-no-2-tahun-2017_terjemah,N
perda-provinsi-bali-no-1-tahun-2020,https://peraturan.go.id/terjemahresmi/perda-provinsi-bali-no-1-tahun-2020,https://peraturan.go.id/files2/perda-provinsi-bali-no-1-tahun-2020_terjemah,N
perda-provinsi-bali-no-2-tahun-2025,https://peraturan.go.id/terjemahresmi/perda-provinsi-bali-no-2-tahun-2025,https://peraturan.go.id/files2/perda-provinsi-bali-no-2-tahun-2025_terjemah,N
perda-provinsi-bali-no-6-tahun-2023,https://peraturan.go.id/terjemahresmi/perda-provinsi-bali-no-6-tahun-2023,https://peraturan.go.id/files2/perda-provinsi-bali-no-6-tahun-2023_terjemah,N
perda-provinsi-banten-no-2-tahun-2022,https://peraturan.go.id/terjemahresmi/perda-provinsi-banten-no-2-tahun-2022,https://peraturan.go.id/files2/perda-provinsi-banten-no-2-tahun-2022_terjemah,N
perda-provinsi-banten-no-7-tahun-2011,https://peraturan.go.id/terjemahresmi/perda-provinsi-banten-no-7-tahun-2011,https://peraturan.go.id/files2/perda-provinsi-banten-no-7-tahun-2011_terjemah,N
perda-provinsi-di-yogyakarta-no-1-tahun-2013,https://peraturan.go.id/terjemahresmi/perda-provinsi-di-yogyakarta-no-1-tahun-2013,https://peraturan.go.id/files2/perda-provinsi-di-yogyakarta-no-1-tahun-2013_terjemah,N
perda-provinsi-di-yogyakarta-no-1-tahun-2015,https://peraturan.go.id/terjemahresmi/perda-provinsi-di-yogyakarta-no-1-tahun-2015,https://peraturan.go.id/files2/perda-provinsi-di-yogyakarta-no-1-tahun-2015_terjemah,N
perda-provinsi-di-yogyakarta-no-1-tahun-2017,https://peraturan.go.id/terjemahresmi/perda-provinsi-di-yogyakarta-no-1-tahun-2017,https://peraturan.go.id/files2/perda-provinsi-di-yogyakarta-no-1-tahun-2017_terjemah,N
perda-provinsi-di-yogyakarta-no-1-tahun-2022,https://peraturan.go.id/terjemahresmi/perda-provinsi-di-yogyakarta-no-1-tahun-2022,https://peraturan.go.id/files2/perda-provinsi-di-yogyakarta-no-1-tahun-2022_terjemah,N
perda-provinsi-di-yogyakarta-no-2-tahun-2023,https://peraturan.go.id/terjemahresmi/perda-provinsi-di-yogyakarta-no-2-tahun-2023,https://peraturan.go.id/files2/perda-provinsi-di-yogyakarta-no-2-tahun-2023_terjemah,N
perda-provinsi-di-yogyakarta-no-3-tahun-2017,https://peraturan.go.id/terjemahresmi/perda-provinsi-di-yogyakarta-no-3-tahun-2017,https://peraturan.go.id/files2/perda-provinsi-di-yogyakarta-no-3-tahun-2017_terjemah,N
perda-provinsi-dki-jakarta-no-101-tahun-2017,https://peraturan.go.id/terjemahresmi/perda-provinsi-dki-jakarta-no-101-tahun-2017,https://peraturan.go.id/files2/perda-provinsi-dki-jakarta-no-101-tahun-2017_terjemah,N
perda-provinsi-jawa-barat-no-2-tahun-2021,https://peraturan.go.id/terjemahresmi/perda-provinsi-jawa-barat-no-2-tahun-2021,https://peraturan.go.id/files2/perda-provinsi-jawa-barat-no-2-tahun-2021_terjemah,N
perda-provinsi-jawa-barat-no-2-tahun-2022,https://peraturan.go.id/terjemahresmi/perda-provinsi-jawa-barat-no-2-tahun-2022,https://peraturan.go.id/files2/perda-provinsi-jawa-barat-no-2-tahun-2022_terjemah,N
perda-provinsi-jawa-tengah-no-12-tahun-2022,https://peraturan.go.id/terjemahresmi/perda-provinsi-jawa-tengah-no-12-tahun-2022,https://peraturan.go.id/files2/perda-provinsi-jawa-tengah-no-12-tahun-2022_terjemah,N
perda-provinsi-jawa-tengah-no-12-tahun-2023,https://peraturan.go.id/terjemahresmi/perda-provinsi-jawa-tengah-no-12-tahun-2023,https://peraturan.go.id/files2/perda-provinsi-jawa-tengah-no-12-tahun-2023_terjemah,N
perda-provinsi-jawa-timur-no-1-tahun-2024,https://peraturan.go.id/terjemahresmi/perda-provinsi-jawa-timur-no-1-tahun-2024,https://peraturan.go.id/files2/perda-provinsi-jawa-timur-no-1-tahun-2024_terjemah,N
perda-provinsi-jawa-timur-no-2-tahun-2022,https://peraturan.go.id/terjemahresmi/perda-provinsi-jawa-timur-no-2-tahun-2022,https://peraturan.go.id/files2/perda-provinsi-jawa-timur-no-2-tahun-2022_terjemah,N
perda-provinsi-jawa-timur-no-4-tahun-2024,https://peraturan.go.id/terjemahresmi/perda-provinsi-jawa-timur-no-4-tahun-2024,https://peraturan.go.id/files2/perda-provinsi-jawa-timur-no-4-tahun-2024_terjemah,N
perda-provinsi-jawa-timur-no-5-tahun-2023,https://peraturan.go.id/terjemahresmi/perda-provinsi-jawa-timur-no-5-tahun-2023,https://peraturan.go.id/files2/perda-provinsi-jawa-timur-no-5-tahun-2023_terjemah,N
perda-provinsi-jawa-timur-no-6-tahun-2007,https://peraturan.go.id/terjemahresmi/perda-provinsi-jawa-timur-no-6-tahun-2007,https://peraturan.go.id/files2/perda-provinsi-jawa-timur-no-6-tahun-2007_terjemah,N
perda-provinsi-jawa-timur-no-9-tahun-2022,https://peraturan.go.id/terjemahresmi/perda-provinsi-jawa-timur-no-9-tahun-2022,https://peraturan.go.id/files2/perda-provinsi-jawa-timur-no-9-tahun-2022_terjemah,N
perda-provinsi-kalimantan-barat-no-4-tahun-2016,https://peraturan.go.id/terjemahresmi/perda-provinsi-kalimantan-barat-no-4-tahun-2016,https://peraturan.go.id/files2/perda-provinsi-kalimantan-barat-no-4-tahun-2016_terjemah,N
perda-provinsi-kalimantan-barat-no-8-tahun-2019,https://peraturan.go.id/terjemahresmi/perda-provinsi-kalimantan-barat-no-8-tahun-2019,https://peraturan.go.id/files2/perda-provinsi-kalimantan-barat-no-8-tahun-2019_terjemah,N
perda-provinsi-kalimantan-barat-no-9-tahun-2019,https://peraturan.go.id/terjemahresmi/perda-provinsi-kalimantan-barat-no-9-tahun-2019,https://peraturan.go.id/files2/perda-provinsi-kalimantan-barat-no-9-tahun-2019_terjemah,N
perda-provinsi-lampung-no-12-tahun-2023,https://peraturan.go.id/terjemahresmi/perda-provinsi-lampung-no-12-tahun-2023,https://peraturan.go.id/files2/perda-provinsi-lampung-no-12-tahun-2023_terjemah,N
perda-provinsi-lampung-no-2-tahun-2024,https://peraturan.go.id/terjemahresmi/perda-provinsi-lampung-no-2-tahun-2024,https://peraturan.go.id/files2/perda-provinsi-lampung-no-2-tahun-2024_terjemah,N
perda-provinsi-lampung-no-20-tahun-2024,https://peraturan.go.id/terjemahresmi/perda-provinsi-lampung-no-20-tahun-2024,https://peraturan.go.id/files2/perda-provinsi-lampung-no-20-tahun-2024_terjemah,N
perda-provinsi-nusa-tenggara-barat-no-2-tahun-2016,https://peraturan.go.id/terjemahresmi/perda-provinsi-nusa-tenggara-barat-no-2-tahun-2016,https://peraturan.go.id/files2/perda-provinsi-nusa-tenggara-barat-no-2-tahun-2016_terjemah,N
perda-provinsi-nusa-tenggara-barat-no-8-tahun-2016,https://peraturan.go.id/terjemahresmi/perda-provinsi-nusa-tenggara-barat-no-8-tahun-2016,https://peraturan.go.id/files2/perda-provinsi-nusa-tenggara-barat-no-8-tahun-2016_terjemah,N
perda-provinsi-sulawesi-selatan-no-12-tahun-2015,https://peraturan.go.id/terjemahresmi/perda-provinsi-sulawesi-selatan-no-12-tahun-2015,https://peraturan.go.id/files2/perda-provinsi-sulawesi-selatan-no-12-tahun-2015_terjemah,N
perda-provinsi-sulawesi-selatan-no-2-tahun-2019,https://peraturan.go.id/terjemahresmi/perda-provinsi-sulawesi-selatan-no-2-tahun-2019,https://peraturan.go.id/files2/perda-provinsi-sulawesi-selatan-no-2-tahun-2019_terjemah,N
perda-provinsi-sulawesi-selatan-no-4-tahun-2018,https://peraturan.go.id/terjemahresmi/perda-provinsi-sulawesi-selatan-no-4-tahun-2018,https://peraturan.go.id/files2/perda-provinsi-sulawesi-selatan-no-4-tahun-2018_terjemah,N
perda-provinsi-sulawesi-selatan-no-7-tahun-2019,https://peraturan.go.id/terjemahresmi/perda-provinsi-sulawesi-selatan-no-7-tahun-2019,https://peraturan.go.id/files2/perda-provinsi-sulawesi-selatan-no-7-tahun-2019_terjemah,N
perda-provinsi-sumatera-barat-no-7-tahun-2018,https://peraturan.go.id/terjemahresmi/perda-provinsi-sumatera-barat-no-7-tahun-2018,https://peraturan.go.id/files2/perda-provinsi-sumatera-barat-no-7-tahun-2018_terjemah,N
perda-provinsi-sumatera-barat-no-7-tahun-2019,https://peraturan.go.id/terjemahresmi/perda-provinsi-sumatera-barat-no-7-tahun-2019,https://peraturan.go.id/files2/perda-provinsi-sumatera-barat-no-7-tahun-2019_terjemah,N
perda-provinsi-sumatera-selatan-no-4-tahun-2020,https://peraturan.go.id/terjemahresmi/perda-provinsi-sumatera-selatan-no-4-tahun-2020,https://peraturan.go.id/files2/perda-provinsi-sumatera-selatan-no-4-tahun-2020_terjemah,N
perda-provinsi-sumatera-utara-no-1-tahun-2022,https://peraturan.go.id/terjemahresmi/perda-provinsi-sumatera-utara-no-1-tahun-2022,https://peraturan.go.id/files2/perda-provinsi-sumatera-utara-no-1-tahun-2022_terjemah,N
perda-provinsi-sumatera-utara-no-3-tahun-2023,https://peraturan.go.id/terjemahresmi/perda-provinsi-sumatera-utara-no-3-tahun-2023,https://peraturan.go.id/files2/perda-provinsi-sumatera-utara-no-3-tahun-2023_terjemah,N
permen-atrbpn-no-16-tahun-2022,https://peraturan.go.id/terjemahresmi/permen-atrbpn-no-16-tahun-2022,https://peraturan.go.id/files2/permen-atrbpn-no-16-tahun-2022_terjemah,N
permen-bumn-no-1-tahun-2023,https://peraturan.go.id/terjemahresmi/permen-bumn-no-1-tahun-2023,https://peraturan.go.id/files2/permen-bumn-no-1-tahun-2023_terjemah,N
permen-bumn-no-per-03-mbu-08-2017-tahun-2017,https://peraturan.go.id/terjemahresmi/permen-bumn-no-per-03-mbu-08-2017-tahun-2017,https://peraturan.go.id/files2/permen-bumn-no-per-03-mbu-08-2017-tahun-2017_terjemah,N
permen-bumn-no-per-04-mbu-09-2017+-tahun-2017,https://peraturan.go.id/terjemahresmi/permen-bumn-no-per-04-mbu-09-2017+-tahun-2017,https://peraturan.go.id/files2/permen-bumn-no-per-04-mbu-09-2017+-tahun-2017_terjemah,N
permen-bumn-no-per-05-mbu-04-2021+-tahun-2021,https://peraturan.go.id/terjemahresmi/permen-bumn-no-per-05-mbu-04-2021+-tahun-2021,https://peraturan.go.id/files2/permen-bumn-no-per-05-mbu-04-2021+-tahun-2021_terjemah,N
permen-bumn-no-per-08-mbu-12-2019-tahun-2019,https://peraturan.go.id/terjemahresmi/permen-bumn-no-per-08-mbu-12-2019-tahun-2019,https://peraturan.go.id/files2/permen-bumn-no-per-08-mbu-12-2019-tahun-2019_terjemah,N
permen-bumn-no-per-1-mbu-03-2021-tahun-2021,https://peraturan.go.id/terjemahresmi/permen-bumn-no-per-1-mbu-03-2021-tahun-2021,https://peraturan.go.id/files2/permen-bumn-no-per-1-mbu-03-2021-tahun-2021_terjemah,N
permen-bumn-no-per-1-mbu-03-2023-tahun-2023,https://peraturan.go.id/terjemahresmi/permen-bumn-no-per-1-mbu-03-2023-tahun-2023,https://peraturan.go.id/files2/permen-bumn-no-per-1-mbu-03-2023-tahun-2023_terjemah,N
permen-esdm-no-19-tahun-2009,https://peraturan.go.id/terjemahresmi/permen-esdm-no-19-tahun-2009,https://peraturan.go.id/files2/permen-esdm-no-19-tahun-2009_terjemah,N
permen-esdm-no-19-tahun-2016,https://peraturan.go.id/terjemahresmi/permen-esdm-no-19-tahun-2016,https://peraturan.go.id/files2/permen-esdm-no-19-tahun-2016_terjemah,N
permen-esdm-no-50-tahun-2017,https://peraturan.go.id/terjemahresmi/permen-esdm-no-50-tahun-2017,https://peraturan.go.id/files2/permen-esdm-no-50-tahun-2017_terjemah,N
permen-lhk-no-21-tahun-2022,https://peraturan.go.id/terjemahresmi/permen-lhk-no-21-tahun-2022,https://peraturan.go.id/files2/permen-lhk-no-21-tahun-2022_terjemah,N
permen-p2mi-no-2-tahun-2025,https://peraturan.go.id/terjemahresmi/permen-p2mi-no-2-tahun-2025,https://peraturan.go.id/files2/permen-p2mi-no-2-tahun-2025_terjemah,N
permen-p2mi-no-27-tahun-2025,https://peraturan.go.id/terjemahresmi/permen-p2mi-no-27-tahun-2025,https://peraturan.go.id/files2/permen-p2mi-no-27-tahun-2025_terjemah,N
permen-ppn-bappenas-no-1-tahun-2024,https://peraturan.go.id/terjemahresmi/permen-ppn-bappenas-no-1-tahun-2024,https://peraturan.go.id/files2/permen-ppn-bappenas-no-1-tahun-2024_terjemah,N
permen-ppn-bappenas-no-4-tahun-2021,https://peraturan.go.id/terjemahresmi/permen-ppn-bappenas-no-4-tahun-2021,https://peraturan.go.id/files2/permen-ppn-bappenas-no-4-tahun-2021_terjemah,N
permenag-no-19-tahun-2024,https://peraturan.go.id/terjemahresmi/permenag-no-19-tahun-2024,https://peraturan.go.id/files2/permenag-no-19-tahun-2024_terjemah,N
permenaker-no-1-tahun-2017,https://peraturan.go.id/terjemahresmi/permenaker-no-1-tahun-2017,https://peraturan.go.id/files2/permenaker-no-1-tahun-2017_terjemah,N
permenaker-no-1-tahun-2020,https://peraturan.go.id/terjemahresmi/permenaker-no-1-tahun-2020,https://peraturan.go.id/files2/permenaker-no-1-tahun-2020_terjemah,N
permenaker-no-1-tahun-2025,https://peraturan.go.id/terjemahresmi/permenaker-no-1-tahun-2025,https://peraturan.go.id/files2/permenaker-no-1-tahun-2025_terjemah,N
permenaker-no-10-tahun-2016,https://peraturan.go.id/terjemahresmi/permenaker-no-10-tahun-2016,https://peraturan.go.id/files2/permenaker-no-10-tahun-2016_terjemah,N
permenaker-no-10-tahun-2019,https://peraturan.go.id/terjemahresmi/permenaker-no-10-tahun-2019,https://peraturan.go.id/files2/permenaker-no-10-tahun-2019_terjemah,N
permenaker-no-11-tahun-2012,https://peraturan.go.id/terjemahresmi/permenaker-no-11-tahun-2012,https://peraturan.go.id/files2/permenaker-no-11-tahun-2012_terjemah,N
permenaker-no-15-tahun-2018,https://peraturan.go.id/terjemahresmi/permenaker-no-15-tahun-2018,https://peraturan.go.id/files2/permenaker-no-15-tahun-2018_terjemah,N
permenaker-no-17-tahun-2019,https://peraturan.go.id/terjemahresmi/permenaker-no-17-tahun-2019,https://peraturan.go.id/files2/permenaker-no-17-tahun-2019_terjemah,N
permenaker-no-18-tahun-2017,https://peraturan.go.id/terjemahresmi/permenaker-no-18-tahun-2017,https://peraturan.go.id/files2/permenaker-no-18-tahun-2017_terjemah,N
permenaker-no-18-tahun-2018,https://peraturan.go.id/terjemahresmi/permenaker-no-18-tahun-2018,https://peraturan.go.id/files2/permenaker-no-18-tahun-2018_terjemah,N
permenaker-no-19-tahun-2012,https://peraturan.go.id/terjemahresmi/permenaker-no-19-tahun-2012,https://peraturan.go.id/files2/permenaker-no-19-tahun-2012_terjemah,N
permenaker-no-21-tahun-2016,https://peraturan.go.id/terjemahresmi/permenaker-no-21-tahun-2016,https://peraturan.go.id/files2/permenaker-no-21-tahun-2016_terjemah,N
permenaker-no-27-tahun-2012,https://peraturan.go.id/terjemahresmi/permenaker-no-27-tahun-2012,https://peraturan.go.id/files2/permenaker-no-27-tahun-2012_terjemah,N
permenaker-no-28-tahun-2014,https://peraturan.go.id/terjemahresmi/permenaker-no-28-tahun-2014,https://peraturan.go.id/files2/permenaker-no-28-tahun-2014_terjemah,N
permenaker-no-4-tahun-2019,https://peraturan.go.id/terjemahresmi/permenaker-no-4-tahun-2019,https://peraturan.go.id/files2/permenaker-no-4-tahun-2019_terjemah,N
permenaker-no-4-tahun-2023,https://peraturan.go.id/terjemahresmi/permenaker-no-4-tahun-2023,https://peraturan.go.id/files2/permenaker-no-4-tahun-2023_terjemah,N
permenaker-no-6-tahun-2016,https://peraturan.go.id/terjemahresmi/permenaker-no-6-tahun-2016,https://peraturan.go.id/files2/permenaker-no-6-tahun-2016_terjemah,N
permenaker-no-6-tahun-2020,https://peraturan.go.id/terjemahresmi/permenaker-no-6-tahun-2020,https://peraturan.go.id/files2/permenaker-no-6-tahun-2020_terjemah,N
permenaker-no-7-tahun-2016,https://peraturan.go.id/terjemahresmi/permenaker-no-7-tahun-2016,https://peraturan.go.id/files2/permenaker-no-7-tahun-2016_terjemah,N
permenaker-no-7-tahun-2020,https://peraturan.go.id/terjemahresmi/permenaker-no-7-tahun-2020,https://peraturan.go.id/files2/permenaker-no-7-tahun-2020_terjemah,N
permenaker-no-9-tahun-2019,https://peraturan.go.id/terjemahresmi/permenaker-no-9-tahun-2019,https://peraturan.go.id/files2/permenaker-no-9-tahun-2019_terjemah,N
permenakertrans-no-10-tahun-2018,https://peraturan.go.id/terjemahresmi/permenakertrans-no-10-tahun-2018,https://peraturan.go.id/files2/permenakertrans-no-10-tahun-2018_terjemah,N
permenakertrans-no-20-tahun-2016,https://peraturan.go.id/terjemahresmi/permenakertrans-no-20-tahun-2016,https://peraturan.go.id/files2/permenakertrans-no-20-tahun-2016_terjemah,N
permenakertrans-no-6-tahun-2016,https://peraturan.go.id/terjemahresmi/permenakertrans-no-6-tahun-2016,https://peraturan.go.id/files2/permenakertrans-no-6-tahun-2016_terjemah,N
permenakertrans-no-per-02-men-i-2011-tahun-2011,https://peraturan.go.id/terjemahresmi/permenakertrans-no-per-02-men-i-2011-tahun-2011,https://peraturan.go.id/files2/permenakertrans-no-per-02-men-i-2011-tahun-2011_terjemah,N
permenakertrans-no-per-08-men-v-2008-tahun-2008,https://peraturan.go.id/terjemahresmi/permenakertrans-no-per-08-men-v-2008-tahun-2008,https://peraturan.go.id/files2/permenakertrans-no-per-08-men-v-2008-tahun-2008_terjemah,N
permendag-no-29-tahun-2025,https://peraturan.go.id/terjemahresmi/permendag-no-29-tahun-2025,https://peraturan.go.id/files2/permendag-no-29-tahun-2025_terjemah,N
permendag-no-64-tahun-2018,https://peraturan.go.id/terjemahresmi/permendag-no-64-tahun-2018,https://peraturan.go.id/files2/permendag-no-64-tahun-2018_terjemah,N
permendag-no-65-tahun-2016,https://peraturan.go.id/terjemahresmi/permendag-no-65-tahun-2016,https://peraturan.go.id/files2/permendag-no-65-tahun-2016_terjemah,N
permendikbud-no-10-tahun-2021,https://peraturan.go.id/terjemahresmi/permendikbud-no-10-tahun-2021,https://peraturan.go.id/files2/permendikbud-no-10-tahun-2021_terjemah,N
permendikbudristek-no-23-tahun-2023,https://peraturan.go.id/terjemahresmi/permendikbudristek-no-23-tahun-2023,https://peraturan.go.id/files2/permendikbudristek-no-23-tahun-2023_terjemah,N
permenhan-no-3-tahun-2024,https://peraturan.go.id/terjemahresmi/permenhan-no-3-tahun-2024,https://peraturan.go.id/files2/permenhan-no-3-tahun-2024_terjemah,N
permenhan-no-6-tahun-2024,https://peraturan.go.id/terjemahresmi/permenhan-no-6-tahun-2024,https://peraturan.go.id/files2/permenhan-no-6-tahun-2024_terjemah,N
permenhub-no-63-tahun-2017,https://peraturan.go.id/terjemahresmi/permenhub-no-63-tahun-2017,https://peraturan.go.id/files2/permenhub-no-63-tahun-2017_terjemah,N
permenhub-no-pm+57-tahun-2009,https://peraturan.go.id/terjemahresmi/permenhub-no-pm+57-tahun-2009,https://peraturan.go.id/files2/permenhub-no-pm+57-tahun-2009_terjemah,N
permenhub-no-pm+58-tahun-2017,https://peraturan.go.id/terjemahresmi/permenhub-no-pm+58-tahun-2017,https://peraturan.go.id/files2/permenhub-no-pm+58-tahun-2017_terjemah,N
permenhub-no-pm+59-tahun-2017,https://peraturan.go.id/terjemahresmi/permenhub-no-pm+59-tahun-2017,https://peraturan.go.id/files2/permenhub-no-pm+59-tahun-2017_terjemah,N
permenhub-no-pm+60-tahun-2017,https://peraturan.go.id/terjemahresmi/permenhub-no-pm+60-tahun-2017,https://peraturan.go.id/files2/permenhub-no-pm+60-tahun-2017_terjemah,N
permenhub-no-pm+61-tahun-2017,https://peraturan.go.id/terjemahresmi/permenhub-no-pm+61-tahun-2017,https://peraturan.go.id/files2/permenhub-no-pm+61-tahun-2017_terjemah,N
permenhub-no-pm+62-tahun-2017,https://peraturan.go.id/terjemahresmi/permenhub-no-pm+62-tahun-2017,https://peraturan.go.id/files2/permenhub-no-pm+62-tahun-2017_terjemah,N
permenhub-no-pm+63-tahun-2017,https://peraturan.go.id/terjemahresmi/permenhub-no-pm+63-tahun-2017,https://peraturan.go.id/files2/permenhub-no-pm+63-tahun-2017_terjemah,N
permenhub-no-pm+64-tahun-2017,https://peraturan.go.id/terjemahresmi/permenhub-no-pm+64-tahun-2017,https://peraturan.go.id/files2/permenhub-no-pm+64-tahun-2017_terjemah,N
permenhub-no-pm+66-tahun-2017,https://peraturan.go.id/terjemahresmi/permenhub-no-pm+66-tahun-2017,https://peraturan.go.id/files2/permenhub-no-pm+66-tahun-2017_terjemah,N
permenhub-no-pm+74-tahun-2017,https://peraturan.go.id/terjemahresmi/permenhub-no-pm+74-tahun-2017,https://peraturan.go.id/files2/permenhub-no-pm+74-tahun-2017_terjemah,N
permenhub-no-pm+8-tahun-2012,https://peraturan.go.id/terjemahresmi/permenhub-no-pm+8-tahun-2012,https://peraturan.go.id/files2/permenhub-no-pm+8-tahun-2012_terjemah,N
permenkes-no-10-tahun-2013,https://peraturan.go.id/terjemahresmi/permenkes-no-10-tahun-2013,https://peraturan.go.id/files2/permenkes-no-10-tahun-2013_terjemah,N
permenkes-no-13-tahun-2014,https://peraturan.go.id/terjemahresmi/permenkes-no-13-tahun-2014,https://peraturan.go.id/files2/permenkes-no-13-tahun-2014_terjemah,N
permenkes-no-14-tahun-2024,https://peraturan.go.id/terjemahresmi/permenkes-no-14-tahun-2024,https://peraturan.go.id/files2/permenkes-no-14-tahun-2024_terjemah,N
permenkes-no-3-tahun-2015,https://peraturan.go.id/terjemahresmi/permenkes-no-3-tahun-2015,https://peraturan.go.id/files2/permenkes-no-3-tahun-2015_terjemah,N
permenkes-no-62-tahun-2017,https://peraturan.go.id/terjemahresmi/permenkes-no-62-tahun-2017,https://peraturan.go.id/files2/permenkes-no-62-tahun-2017_terjemah,N
permenkeu-no-107-pmk-03-2017-tahun-2017,https://peraturan.go.id/terjemahresmi/permenkeu-no-107-pmk-03-2017-tahun-2017,https://peraturan.go.id/files2/permenkeu-no-107-pmk-03-2017-tahun-2017_terjemah,N
permenkeu-no-157-pmk-010-2015-tahun-2015,https://peraturan.go.id/terjemahresmi/permenkeu-no-157-pmk-010-2015-tahun-2015,https://peraturan.go.id/files2/permenkeu-no-157-pmk-010-2015-tahun-2015_terjemah,N
permenkeu-no-169-pmk-010-2015-tahun-2015,https://peraturan.go.id/terjemahresmi/permenkeu-no-169-pmk-010-2015-tahun-2015,https://peraturan.go.id/files2/permenkeu-no-169-pmk-010-2015-tahun-2015_terjemah,N
permenkeu-no-213-pmk-03-2016-tahun-2016,https://peraturan.go.id/terjemahresmi/permenkeu-no-213-pmk-03-2016-tahun-2016,https://peraturan.go.id/files2/permenkeu-no-213-pmk-03-2016-tahun-2016_terjemah,N
permenkeu-no-31-pmk-03-2014-tahun-2014,https://peraturan.go.id/terjemahresmi/permenkeu-no-31-pmk-03-2014-tahun-2014,https://peraturan.go.id/files2/permenkeu-no-31-pmk-03-2014-tahun-2014_terjemah,N
permenkeu-no-39-pmk-03-2017-tahun-2017,https://peraturan.go.id/terjemahresmi/permenkeu-no-39-pmk-03-2017-tahun-2017,https://peraturan.go.id/files2/permenkeu-no-39-pmk-03-2017-tahun-2017_terjemah,N
permenkeu-no-39-pmk-03-2018-tahun-2018,https://peraturan.go.id/terjemahresmi/permenkeu-no-39-pmk-03-2018-tahun-2018,https://peraturan.go.id/files2/permenkeu-no-39-pmk-03-2018-tahun-2018_terjemah,N
permenkeu-no-39-tahun-2017,https://peraturan.go.id/terjemahresmi/permenkeu-no-39-tahun-2017,https://peraturan.go.id/files2/permenkeu-no-39-tahun-2017_terjemah,N
permenkeu-no-39-tahun-2018,https://peraturan.go.id/terjemahresmi/permenkeu-no-39-tahun-2018,https://peraturan.go.id/files2/permenkeu-no-39-tahun-2018_terjemah,N
permenkeu-no-48-pmk-03-2020-tahun-2020,https://peraturan.go.id/terjemahresmi/permenkeu-no-48-pmk-03-2020-tahun-2020,https://peraturan.go.id/files2/permenkeu-no-48-pmk-03-2020-tahun-2020_terjemah,N
permenkeu-no-48-tahun-2020,https://peraturan.go.id/terjemahresmi/permenkeu-no-48-tahun-2020,https://peraturan.go.id/files2/permenkeu-no-48-tahun-2020_terjemah,N
permenkeu-no-49-pmk-03-2019-tahun-2019,https://peraturan.go.id/terjemahresmi/permenkeu-no-49-pmk-03-2019-tahun-2019,https://peraturan.go.id/files2/permenkeu-no-49-pmk-03-2019-tahun-2019_terjemah,N
permenkeu-no-5-pmk-010-2017-tahun-2015,https://peraturan.go.id/terjemahresmi/permenkeu-no-5-pmk-010-2017-tahun-2015,https://peraturan.go.id/files2/permenkeu-no-5-pmk-010-2017-tahun-2015_terjemah,N
permenkeu-no-71-pmk-04-2018-tahun-2018,https://peraturan.go.id/terjemahresmi/permenkeu-no-71-pmk-04-2018-tahun-2018,https://peraturan.go.id/files2/permenkeu-no-71-pmk-04-2018-tahun-2018_terjemah,N
permenkeu-no-82-pmk-03-2017-tahun-2017,https://peraturan.go.id/terjemahresmi/permenkeu-no-82-pmk-03-2017-tahun-2017,https://peraturan.go.id/files2/permenkeu-no-82-pmk-03-2017-tahun-2017_terjemah,N
permenkeu-no-93-pmk-03-2019-tahun-2019,https://peraturan.go.id/terjemahresmi/permenkeu-no-93-pmk-03-2019-tahun-2019,https://peraturan.go.id/files2/permenkeu-no-93-pmk-03-2019-tahun-2019_terjemah,N
permenkeu-no-99-pmk-03-2018-tahun-2018,https://peraturan.go.id/terjemahresmi/permenkeu-no-99-pmk-03-2018-tahun-2018,https://peraturan.go.id/files2/permenkeu-no-99-pmk-03-2018-tahun-2018_terjemah,N
permenkkp-no-11-tahun-2019,https://peraturan.go.id/terjemahresmi/permenkkp-no-11-tahun-2019,https://peraturan.go.id/files2/permenkkp-no-11-tahun-2019_terjemah,N
permenkkp-no-25-tahun-2024,https://peraturan.go.id/terjemahresmi/permenkkp-no-25-tahun-2024,https://peraturan.go.id/files2/permenkkp-no-25-tahun-2024_terjemah,N
permenkkp-no-7-permen-kp-2019-tahun-2019,https://peraturan.go.id/terjemahresmi/permenkkp-no-7-permen-kp-2019-tahun-2019,https://peraturan.go.id/files2/permenkkp-no-7-permen-kp-2019-tahun-2019_terjemah,N
permenko-marves-no-4-tahun-2019,https://peraturan.go.id/terjemahresmi/permenko-marves-no-4-tahun-2019,https://peraturan.go.id/files2/permenko-marves-no-4-tahun-2019_terjemah,N
permenko-marves-no-5-tahun-2019,https://peraturan.go.id/terjemahresmi/permenko-marves-no-5-tahun-2019,https://peraturan.go.id/files2/permenko-marves-no-5-tahun-2019_terjemah,N
permenko-marves-no-5-tahun-2022,https://peraturan.go.id/terjemahresmi/permenko-marves-no-5-tahun-2022,https://peraturan.go.id/files2/permenko-marves-no-5-tahun-2022_terjemah,N
permenko-marves-no-6-tahun-2019,https://peraturan.go.id/terjemahresmi/permenko-marves-no-6-tahun-2019,https://peraturan.go.id/files2/permenko-marves-no-6-tahun-2019_terjemah,N
permenkominfo-no-1-tahun-2019,https://peraturan.go.id/terjemahresmi/permenkominfo-no-1-tahun-2019,https://peraturan.go.id/files2/permenkominfo-no-1-tahun-2019_terjemah,N
permenkominfo-no-1-tahun-2020,https://peraturan.go.id/terjemahresmi/permenkominfo-no-1-tahun-2020,https://peraturan.go.id/files2/permenkominfo-no-1-tahun-2020_terjemah,N
permenkominfo-no-10-tahun-2023,https://peraturan.go.id/terjemahresmi/permenkominfo-no-10-tahun-2023,https://peraturan.go.id/files2/permenkominfo-no-10-tahun-2023_terjemah,N
permenkominfo-no-16-tahun-2018,https://peraturan.go.id/terjemahresmi/permenkominfo-no-16-tahun-2018,https://peraturan.go.id/files2/permenkominfo-no-16-tahun-2018_terjemah,N
permenkominfo-no-4-tahun-2020,https://peraturan.go.id/terjemahresmi/permenkominfo-no-4-tahun-2020,https://peraturan.go.id/files2/permenkominfo-no-4-tahun-2020_terjemah,N
permenkominfo-no-5-tahun-2019,https://peraturan.go.id/terjemahresmi/permenkominfo-no-5-tahun-2019,https://peraturan.go.id/files2/permenkominfo-no-5-tahun-2019_terjemah,N
permenkominfo-no-5-tahun-2024,https://peraturan.go.id/terjemahresmi/permenkominfo-no-5-tahun-2024,https://peraturan.go.id/files2/permenkominfo-no-5-tahun-2024_terjemah,N
permenkominfo-no-7-tahun-2021,https://peraturan.go.id/terjemahresmi/permenkominfo-no-7-tahun-2021,https://peraturan.go.id/files2/permenkominfo-no-7-tahun-2021_terjemah,N
permenkominfo-no-9-tahun-2023,https://peraturan.go.id/terjemahresmi/permenkominfo-no-9-tahun-2023,https://peraturan.go.id/files2/permenkominfo-no-9-tahun-2023_terjemah,N
permenkop-no-2-tahun-2025,https://peraturan.go.id/terjemahresmi/permenkop-no-2-tahun-2025,https://peraturan.go.id/files2/permenkop-no-2-tahun-2025_terjemah,N
permenkum-no-3-tahun-2021,https://peraturan.go.id/terjemahresmi/permenkum-no-3-tahun-2021,https://peraturan.go.id/files2/permenkum-no-3-tahun-2021_terjemah,N
permenkum-no-4-tahun-2021,https://peraturan.go.id/terjemahresmi/permenkum-no-4-tahun-2021,https://peraturan.go.id/files2/permenkum-no-4-tahun-2021_terjemah,N
permenkumham-no-m-01-pr-08-10-tahun-2006,https://peraturan.go.id/terjemahresmi/permenkumham-no-m-01-pr-08-10-tahun-2006,https://peraturan.go.id/files2/permenkumham-no-m-01-pr-08-10-tahun-2006_terjemah,N
permenpanrb-no-21-tahun-2024,https://peraturan.go.id/terjemahresmi/permenpanrb-no-21-tahun-2024,https://peraturan.go.id/files2/permenpanrb-no-21-tahun-2024_terjemah,N
permenpar-no-14-tahun-2016,https://peraturan.go.id/terjemahresmi/permenpar-no-14-tahun-2016,https://peraturan.go.id/files2/permenpar-no-14-tahun-2016_terjemah,N
permenpar-no-2-tahun-2025,https://peraturan.go.id/terjemahresmi/permenpar-no-2-tahun-2025,https://peraturan.go.id/files2/permenpar-no-2-tahun-2025_terjemah,N
permenpar-no-7-tahun-2016,https://peraturan.go.id/terjemahresmi/permenpar-no-7-tahun-2016,https://peraturan.go.id/files2/permenpar-no-7-tahun-2016_terjemah,N
permenparekraf-no-6-tahun-2024,https://peraturan.go.id/terjemahresmi/permenparekraf-no-6-tahun-2024,https://peraturan.go.id/files2/permenparekraf-no-6-tahun-2024_terjemah,N
permenparekraf-no-9-tahun-2021,https://peraturan.go.id/terjemahresmi/permenparekraf-no-9-tahun-2021,https://peraturan.go.id/files2/permenparekraf-no-9-tahun-2021_terjemah,N
permenpu-no-5-tahun-2024,https://peraturan.go.id/terjemahresmi/permenpu-no-5-tahun-2024,https://peraturan.go.id/files2/permenpu-no-5-tahun-2024_terjemah,N
permensos-no-10-tahun-2021,https://peraturan.go.id/terjemahresmi/permensos-no-10-tahun-2021,https://peraturan.go.id/files2/permensos-no-10-tahun-2021_terjemah,N
permensos-no-2-tahun-2021,https://peraturan.go.id/terjemahresmi/permensos-no-2-tahun-2021,https://peraturan.go.id/files2/permensos-no-2-tahun-2021_terjemah,N
permensos-no-3-tahun-2021,https://peraturan.go.id/terjemahresmi/permensos-no-3-tahun-2021,https://peraturan.go.id/files2/permensos-no-3-tahun-2021_terjemah,N
permensos-no-5-tahun-2024,https://peraturan.go.id/terjemahresmi/permensos-no-5-tahun-2024,https://peraturan.go.id/files2/permensos-no-5-tahun-2024_terjemah,N
permensos-no-8-tahun-2023,https://peraturan.go.id/terjemahresmi/permensos-no-8-tahun-2023,https://peraturan.go.id/files2/permensos-no-8-tahun-2023_terjemah,N
permentan-no-02-tahun-2020,https://peraturan.go.id/terjemahresmi/permentan-no-02-tahun-2020,https://peraturan.go.id/files2/permentan-no-02-tahun-2020_terjemah,N
permentan-no-38-tahun-2020,https://peraturan.go.id/terjemahresmi/permentan-no-38-tahun-2020,https://peraturan.go.id/files2/permentan-no-38-tahun-2020_terjemah,N
permentan-no-39-tahun-2019,https://peraturan.go.id/terjemahresmi/permentan-no-39-tahun-2019,https://peraturan.go.id/files2/permentan-no-39-tahun-2019_terjemah,N
perpres-no-105-tahun-2015,https://peraturan.go.id/terjemahresmi/perpres-no-105-tahun-2015,https://peraturan.go.id/files2/perpres-no-105-tahun-2015_terjemah,N
perpres-no-110-tahun-2017,https://peraturan.go.id/terjemahresmi/perpres-no-110-tahun-2017,https://peraturan.go.id/files2/perpres-no-110-tahun-2017_terjemah,N
perpres-no-12-tahun-2021,https://peraturan.go.id/terjemahresmi/perpres-no-12-tahun-2021,https://peraturan.go.id/files2/perpres-no-12-tahun-2021_terjemah,N
perpres-no-133-tahun-2017,https://peraturan.go.id/terjemahresmi/perpres-no-133-tahun-2017,https://peraturan.go.id/files2/perpres-no-133-tahun-2017_terjemah,N
perpres-no-16-tahun-2018,https://peraturan.go.id/terjemahresmi/perpres-no-16-tahun-2018,https://peraturan.go.id/files2/perpres-no-16-tahun-2018_terjemah,N
perpres-no-192-tahun-2014,https://peraturan.go.id/terjemahresmi/perpres-no-192-tahun-2014,https://peraturan.go.id/files2/perpres-no-192-tahun-2014_terjemah,N
perpres-no-2-tahun-2025,https://peraturan.go.id/terjemahresmi/perpres-no-2-tahun-2025,https://peraturan.go.id/files2/perpres-no-2-tahun-2025_terjemah,N
perpres-no-20-tahun-2018,https://peraturan.go.id/terjemahresmi/perpres-no-20-tahun-2018,https://peraturan.go.id/files2/perpres-no-20-tahun-2018_terjemah,N
perpres-no-20-tahun-2023,https://peraturan.go.id/terjemahresmi/perpres-no-20-tahun-2023,https://peraturan.go.id/files2/perpres-no-20-tahun-2023_terjemah,N
perpres-no-21-tahun-2010,https://peraturan.go.id/terjemahresmi/perpres-no-21-tahun-2010,https://peraturan.go.id/files2/perpres-no-21-tahun-2010_terjemah,N
perpres-no-27-tahun-2019,https://peraturan.go.id/terjemahresmi/perpres-no-27-tahun-2019,https://peraturan.go.id/files2/perpres-no-27-tahun-2019_terjemah,N
perpres-no-28-tahun-2021,https://peraturan.go.id/terjemahresmi/perpres-no-28-tahun-2021,https://peraturan.go.id/files2/perpres-no-28-tahun-2021_terjemah,N
perpres-no-36-tahun-2020,https://peraturan.go.id/terjemahresmi/perpres-no-36-tahun-2020,https://peraturan.go.id/files2/perpres-no-36-tahun-2020_terjemah,N
perpres-no-44-tahun-2020,https://peraturan.go.id/terjemahresmi/perpres-no-44-tahun-2020,https://peraturan.go.id/files2/perpres-no-44-tahun-2020_terjemah,N
perpres-no-47-tahun-2023,https://peraturan.go.id/terjemahresmi/perpres-no-47-tahun-2023,https://peraturan.go.id/files2/perpres-no-47-tahun-2023_terjemah,N
perpres-no-51-tahun-2022,https://peraturan.go.id/terjemahresmi/perpres-no-51-tahun-2022,https://peraturan.go.id/files2/perpres-no-51-tahun-2022_terjemah,N
perpres-no-53-tahun-2017,https://peraturan.go.id/terjemahresmi/perpres-no-53-tahun-2017,https://peraturan.go.id/files2/perpres-no-53-tahun-2017_terjemah,N
perpres-no-55-tahun-2018,https://peraturan.go.id/terjemahresmi/perpres-no-55-tahun-2018,https://peraturan.go.id/files2/perpres-no-55-tahun-2018_terjemah,N
perpres-no-60-tahun-2023,https://peraturan.go.id/terjemahresmi/perpres-no-60-tahun-2023,https://peraturan.go.id/files2/perpres-no-60-tahun-2023_terjemah,N
perpres-no-68-tahun-2022,https://peraturan.go.id/terjemahresmi/perpres-no-68-tahun-2022,https://peraturan.go.id/files2/perpres-no-68-tahun-2022_terjemah,N
perpres-no-7-tahun-2018,https://peraturan.go.id/terjemahresmi/perpres-no-7-tahun-2018,https://peraturan.go.id/files2/perpres-no-7-tahun-2018_terjemah,N
perpres-no-7-tahun-2019,https://peraturan.go.id/terjemahresmi/perpres-no-7-tahun-2019,https://peraturan.go.id/files2/perpres-no-7-tahun-2019_terjemah,N
perpres-no-7-tahun-2021,https://peraturan.go.id/terjemahresmi/perpres-no-7-tahun-2021,https://peraturan.go.id/files2/perpres-no-7-tahun-2021_terjemah,N
perpres-no-75-tahun-2015,https://peraturan.go.id/terjemahresmi/perpres-no-75-tahun-2015,https://peraturan.go.id/files2/perpres-no-75-tahun-2015_terjemah,N
perpres-no-79-tahun-2023,https://peraturan.go.id/terjemahresmi/perpres-no-79-tahun-2023,https://peraturan.go.id/files2/perpres-no-79-tahun-2023_terjemah,N
perpres-no-81-tahun-2024,https://peraturan.go.id/terjemahresmi/perpres-no-81-tahun-2024,https://peraturan.go.id/files2/perpres-no-81-tahun-2024_terjemah,N
perpres-no-82-tahun-2022,https://peraturan.go.id/terjemahresmi/perpres-no-82-tahun-2022,https://peraturan.go.id/files2/perpres-no-82-tahun-2022_terjemah,N
perpres-no-87-tahun-2011,https://peraturan.go.id/terjemahresmi/perpres-no-87-tahun-2011,https://peraturan.go.id/files2/perpres-no-87-tahun-2011_terjemah,N
perpres-no-9-tahun-2024,https://peraturan.go.id/terjemahresmi/perpres-no-9-tahun-2024,https://peraturan.go.id/files2/perpres-no-9-tahun-2024_terjemah,N
perpres-no-90-tahun-2019,https://peraturan.go.id/terjemahresmi/perpres-no-90-tahun-2019,https://peraturan.go.id/files2/perpres-no-90-tahun-2019_terjemah,N
perpres-no-98-tahun-2021,https://peraturan.go.id/terjemahresmi/perpres-no-98-tahun-2021,https://peraturan.go.id/files2/perpres-no-98-tahun-2021_terjemah,N
perwako-padang-panjang-no-1-tahun-2025,https://peraturan.go.id/terjemahresmi/perwako-padang-panjang-no-1-tahun-2025,https://peraturan.go.id/files2/perwako-padang-panjang-no-1-tahun-2025_terjemah,N
perwalkot-tangsel-no-6-tahun-2025,https://peraturan.go.id/terjemahresmi/perwalkot-tangsel-no-6-tahun-2025,https://peraturan.go.id/files2/perwalkot-tangsel-no-6-tahun-2025_terjemah,N
pp-no-10-tahun-2020,https://peraturan.go.id/terjemahresmi/pp-no-10-tahun-2020,https://peraturan.go.id/files2/pp-no-10-tahun-2020_terjemah,N
pp-no-100-tahun-2013,https://peraturan.go.id/terjemahresmi/pp-no-100-tahun-2013,https://peraturan.go.id/files2/pp-no-100-tahun-2013_terjemah,N
pp-no-107-tahun-2015,https://peraturan.go.id/terjemahresmi/pp-no-107-tahun-2015,https://peraturan.go.id/files2/pp-no-107-tahun-2015_terjemah,N
pp-no-14-tahun-2014,https://peraturan.go.id/terjemahresmi/pp-no-14-tahun-2014,https://peraturan.go.id/files2/pp-no-14-tahun-2014_terjemah,N
pp-no-142-tahun-2015,https://peraturan.go.id/terjemahresmi/pp-no-142-tahun-2015,https://peraturan.go.id/files2/pp-no-142-tahun-2015_terjemah,N
pp-no-16-tahun-2009,https://peraturan.go.id/terjemahresmi/pp-no-16-tahun-2009,https://peraturan.go.id/files2/pp-no-16-tahun-2009_terjemah,N
pp-no-18-tahun-2021,https://peraturan.go.id/terjemahresmi/pp-no-18-tahun-2021,https://peraturan.go.id/files2/pp-no-18-tahun-2021_terjemah,N
pp-no-19-tahun-2021,https://peraturan.go.id/terjemahresmi/pp-no-19-tahun-2021,https://peraturan.go.id/files2/pp-no-19-tahun-2021_terjemah,N
pp-no-2-tahun-2017,https://peraturan.go.id/terjemahresmi/pp-no-2-tahun-2017,https://peraturan.go.id/files2/pp-no-2-tahun-2017_terjemah,N
pp-no-20-tahun-2021,https://peraturan.go.id/terjemahresmi/pp-no-20-tahun-2021,https://peraturan.go.id/files2/pp-no-20-tahun-2021_terjemah,N
pp-no-21-tahun-2021,https://peraturan.go.id/terjemahresmi/pp-no-21-tahun-2021,https://peraturan.go.id/files2/pp-no-21-tahun-2021_terjemah,N
pp-no-22-tahun-2022,https://peraturan.go.id/terjemahresmi/pp-no-22-tahun-2022,https://peraturan.go.id/files2/pp-no-22-tahun-2022_terjemah,N
pp-no-23-tahun-2018,https://peraturan.go.id/terjemahresmi/pp-no-23-tahun-2018,https://peraturan.go.id/files2/pp-no-23-tahun-2018_terjemah,N
pp-no-24-tahun-1997,https://peraturan.go.id/terjemahresmi/pp-no-24-tahun-1997,https://peraturan.go.id/files2/pp-no-24-tahun-1997_terjemah,N
pp-no-25-tahun-2018,https://peraturan.go.id/terjemahresmi/pp-no-25-tahun-2018,https://peraturan.go.id/files2/pp-no-25-tahun-2018_terjemah,N
pp-no-28-tahun-2016,https://peraturan.go.id/terjemahresmi/pp-no-28-tahun-2016,https://peraturan.go.id/files2/pp-no-28-tahun-2016_terjemah,N
pp-no-29-tahun-2018,https://peraturan.go.id/terjemahresmi/pp-no-29-tahun-2018,https://peraturan.go.id/files2/pp-no-29-tahun-2018_terjemah,N
pp-no-32-tahun-2019,https://peraturan.go.id/terjemahresmi/pp-no-32-tahun-2019,https://peraturan.go.id/files2/pp-no-32-tahun-2019_terjemah,N
pp-no-34-tahun-2021,https://peraturan.go.id/terjemahresmi/pp-no-34-tahun-2021,https://peraturan.go.id/files2/pp-no-34-tahun-2021_terjemah,N
pp-no-35-tahun-2021,https://peraturan.go.id/terjemahresmi/pp-no-35-tahun-2021,https://peraturan.go.id/files2/pp-no-35-tahun-2021_terjemah,N
pp-no-36-tahun-2021,https://peraturan.go.id/terjemahresmi/pp-no-36-tahun-2021,https://peraturan.go.id/files2/pp-no-36-tahun-2021_terjemah,N
pp-no-37-tahun-2021,https://peraturan.go.id/terjemahresmi/pp-no-37-tahun-2021,https://peraturan.go.id/files2/pp-no-37-tahun-2021_terjemah,N
pp-no-41-tahun-2015,https://peraturan.go.id/terjemahresmi/pp-no-41-tahun-2015,https://peraturan.go.id/files2/pp-no-41-tahun-2015_terjemah,N
pp-no-42-tahun-2006,https://peraturan.go.id/terjemahresmi/pp-no-42-tahun-2006,https://peraturan.go.id/files2/pp-no-42-tahun-2006_terjemah,N
pp-no-44-tahun-2015,https://peraturan.go.id/terjemahresmi/pp-no-44-tahun-2015,https://peraturan.go.id/files2/pp-no-44-tahun-2015_terjemah,N
pp-no-45-tahun-2005,https://peraturan.go.id/terjemahresmi/pp-no-45-tahun-2005,https://peraturan.go.id/files2/pp-no-45-tahun-2005_terjemah,N
pp-no-45-tahun-2015,https://peraturan.go.id/terjemahresmi/pp-no-45-tahun-2015,https://peraturan.go.id/files2/pp-no-45-tahun-2015_terjemah,N
pp-no-46-tahun-2015,https://peraturan.go.id/terjemahresmi/pp-no-46-tahun-2015,https://peraturan.go.id/files2/pp-no-46-tahun-2015_terjemah,N
pp-no-49-tahun-2023,https://peraturan.go.id/terjemahresmi/pp-no-49-tahun-2023,https://peraturan.go.id/files2/pp-no-49-tahun-2023_terjemah,N
pp-no-5-tahun-2018,https://peraturan.go.id/terjemahresmi/pp-no-5-tahun-2018,https://peraturan.go.id/files2/pp-no-5-tahun-2018_terjemah,N
pp-no-51-tahun-2023,https://peraturan.go.id/terjemahresmi/pp-no-51-tahun-2023,https://peraturan.go.id/files2/pp-no-51-tahun-2023_terjemah,N
pp-no-52-tahun-2019,https://peraturan.go.id/terjemahresmi/pp-no-52-tahun-2019,https://peraturan.go.id/files2/pp-no-52-tahun-2019_terjemah,N
pp-no-59-tahun-2021,https://peraturan.go.id/terjemahresmi/pp-no-59-tahun-2021,https://peraturan.go.id/files2/pp-no-59-tahun-2021_terjemah,N
pp-no-6-tahun-2025,https://peraturan.go.id/terjemahresmi/pp-no-6-tahun-2025,https://peraturan.go.id/files2/pp-no-6-tahun-2025_terjemah,N
pp-no-60-tahun-2007,https://peraturan.go.id/terjemahresmi/pp-no-60-tahun-2007,https://peraturan.go.id/files2/pp-no-60-tahun-2007_terjemah,N
pp-no-60-tahun-2008,https://peraturan.go.id/terjemahresmi/pp-no-60-tahun-2008,https://peraturan.go.id/files2/pp-no-60-tahun-2008_terjemah,N
pp-no-60-tahun-2015,https://peraturan.go.id/terjemahresmi/pp-no-60-tahun-2015,https://peraturan.go.id/files2/pp-no-60-tahun-2015_terjemah,N
pp-no-64-tahun-2021,https://peraturan.go.id/terjemahresmi/pp-no-64-tahun-2021,https://peraturan.go.id/files2/pp-no-64-tahun-2021_terjemah,N
pp-no-7-tahun-2017,https://peraturan.go.id/terjemahresmi/pp-no-7-tahun-2017,https://peraturan.go.id/files2/pp-no-7-tahun-2017_terjemah,N
pp-no-7-tahun-2025,https://peraturan.go.id/terjemahresmi/pp-no-7-tahun-2025,https://peraturan.go.id/files2/pp-no-7-tahun-2025_terjemah,N
pp-no-74-tahun-2020,https://peraturan.go.id/terjemahresmi/pp-no-74-tahun-2020,https://peraturan.go.id/files2/pp-no-74-tahun-2020_terjemah,N
pp-no-75-tahun-2020,https://peraturan.go.id/terjemahresmi/pp-no-75-tahun-2020,https://peraturan.go.id/files2/pp-no-75-tahun-2020_terjemah,N
pp-no-78-tahun-2015,https://peraturan.go.id/terjemahresmi/pp-no-78-tahun-2015,https://peraturan.go.id/files2/pp-no-78-tahun-2015_terjemah,N
pp-no-79-tahun-2014,https://peraturan.go.id/terjemahresmi/pp-no-79-tahun-2014,https://peraturan.go.id/files2/pp-no-79-tahun-2014_terjemah,N
pp-no-8-tahun-2011,https://peraturan.go.id/terjemahresmi/pp-no-8-tahun-2011,https://peraturan.go.id/files2/pp-no-8-tahun-2011_terjemah,N
pp-no-80-tahun-2019,https://peraturan.go.id/terjemahresmi/pp-no-80-tahun-2019,https://peraturan.go.id/files2/pp-no-80-tahun-2019_terjemah,N
pp-no-82-tahun-2019,https://peraturan.go.id/terjemahresmi/pp-no-82-tahun-2019,https://peraturan.go.id/files2/pp-no-82-tahun-2019_terjemah,N
pp-no-86-tahun-2013,https://peraturan.go.id/terjemahresmi/pp-no-86-tahun-2013,https://peraturan.go.id/files2/pp-no-86-tahun-2013_terjemah,N
pp-no-86-tahun-2019,https://peraturan.go.id/terjemahresmi/pp-no-86-tahun-2019,https://peraturan.go.id/files2/pp-no-86-tahun-2019_terjemah,N
pp-no-9-tahun-2018,https://peraturan.go.id/terjemahresmi/pp-no-9-tahun-2018,https://peraturan.go.id/files2/pp-no-9-tahun-2018_terjemah,N
uu-no-1-tahun-1979,https://peraturan.go.id/terjemahresmi/uu-no-1-tahun-1979,https://peraturan.go.id/files2/uu-no-1-tahun-1979_terjemah,N
uu-no-1-tahun-2004,https://peraturan.go.id/terjemahresmi/uu-no-1-tahun-2004,https://peraturan.go.id/files2/uu-no-1-tahun-2004_terjemah,N
uu-no-1-tahun-2014,https://peraturan.go.id/terjemahresmi/uu-no-1-tahun-2014,https://peraturan.go.id/files2/uu-no-1-tahun-2014_terjemah,N
uu-no-1-tahun-2025,https://peraturan.go.id/terjemahresmi/uu-no-1-tahun-2025,https://peraturan.go.id/files2/uu-no-1-tahun-2025_terjemah,N
uu-no-11-tahun-2022,https://peraturan.go.id/terjemahresmi/uu-no-11-tahun-2022,https://peraturan.go.id/files2/uu-no-11-tahun-2022_terjemah,N
uu-no-12-tahun-2011,https://peraturan.go.id/terjemahresmi/uu-no-12-tahun-2011,https://peraturan.go.id/files2/uu-no-12-tahun-2011_terjemah,N
uu-no-13-tahun-2016,https://peraturan.go.id/terjemahresmi/uu-no-13-tahun-2016,https://peraturan.go.id/files2/uu-no-13-tahun-2016_terjemah,N
uu-no-13-tahun-2018,https://peraturan.go.id/terjemahresmi/uu-no-13-tahun-2018,https://peraturan.go.id/files2/uu-no-13-tahun-2018_terjemah,N
uu-no-14-tahun-2008,https://peraturan.go.id/terjemahresmi/uu-no-14-tahun-2008,https://peraturan.go.id/files2/uu-no-14-tahun-2008_terjemah,N
uu-no-15-tahun-2004,https://peraturan.go.id/terjemahresmi/uu-no-15-tahun-2004,https://peraturan.go.id/files2/uu-no-15-tahun-2004_terjemah,N
uu-no-15-tahun-2006,https://peraturan.go.id/terjemahresmi/uu-no-15-tahun-2006,https://peraturan.go.id/files2/uu-no-15-tahun-2006_terjemah,N
uu-no-15-tahun-2011,https://peraturan.go.id/terjemahresmi/uu-no-15-tahun-2011,https://peraturan.go.id/files2/uu-no-15-tahun-2011_terjemah,N
uu-no-15-tahun-2019,https://peraturan.go.id/terjemahresmi/uu-no-15-tahun-2019,https://peraturan.go.id/files2/uu-no-15-tahun-2019_terjemah,N
uu-no-16-tahun-2011,https://peraturan.go.id/terjemahresmi/uu-no-16-tahun-2011,https://peraturan.go.id/files2/uu-no-16-tahun-2011_terjemah,N
uu-no-17-tahun-2003,https://peraturan.go.id/terjemahresmi/uu-no-17-tahun-2003,https://peraturan.go.id/files2/uu-no-17-tahun-2003_terjemah,N
uu-no-18-tahun-2012,https://peraturan.go.id/terjemahresmi/uu-no-18-tahun-2012,https://peraturan.go.id/files2/uu-no-18-tahun-2012_terjemah,N
uu-no-18-tahun-2017,https://peraturan.go.id/terjemahresmi/uu-no-18-tahun-2017,https://peraturan.go.id/files2/uu-no-18-tahun-2017_terjemah,N
uu-no-19-tahun-2003,https://peraturan.go.id/terjemahresmi/uu-no-19-tahun-2003,https://peraturan.go.id/files2/uu-no-19-tahun-2003_terjemah,N
uu-no-2-tahun-2012,https://peraturan.go.id/terjemahresmi/uu-no-2-tahun-2012,https://peraturan.go.id/files2/uu-no-2-tahun-2012_terjemah,N
uu-no-20-tahun-2001,https://peraturan.go.id/terjemahresmi/uu-no-20-tahun-2001,https://peraturan.go.id/files2/uu-no-20-tahun-2001_terjemah,N
uu-no-20-tahun-2008,https://peraturan.go.id/terjemahresmi/uu-no-20-tahun-2008,https://peraturan.go.id/files2/uu-no-20-tahun-2008_terjemah,N
uu-no-20-tahun-2011,https://peraturan.go.id/terjemahresmi/uu-no-20-tahun-2011,https://peraturan.go.id/files2/uu-no-20-tahun-2011_terjemah,N
uu-no-20-tahun-2016,https://peraturan.go.id/terjemahresmi/uu-no-20-tahun-2016,https://peraturan.go.id/files2/uu-no-20-tahun-2016_terjemah,N
uu-no-20-tahun-2023,https://peraturan.go.id/terjemahresmi/uu-no-20-tahun-2023,https://peraturan.go.id/files2/uu-no-20-tahun-2023_terjemah,N
uu-no-21-tahun-2011,https://peraturan.go.id/terjemahresmi/uu-no-21-tahun-2011,https://peraturan.go.id/files2/uu-no-21-tahun-2011_terjemah,N
uu-no-21-tahun-2013,https://peraturan.go.id/terjemahresmi/uu-no-21-tahun-2013,https://peraturan.go.id/files2/uu-no-21-tahun-2013_terjemah,N
uu-no-21-tahun-2014,https://peraturan.go.id/terjemahresmi/uu-no-21-tahun-2014,https://peraturan.go.id/files2/uu-no-21-tahun-2014_terjemah,N
uu-no-21-tahun-2023,https://peraturan.go.id/terjemahresmi/uu-no-21-tahun-2023,https://peraturan.go.id/files2/uu-no-21-tahun-2023_terjemah,N
uu-no-23-tahun-2011,https://peraturan.go.id/terjemahresmi/uu-no-23-tahun-2011,https://peraturan.go.id/files2/uu-no-23-tahun-2011_terjemah,N
uu-no-24-tahun-2004,https://peraturan.go.id/terjemahresmi/uu-no-24-tahun-2004,https://peraturan.go.id/files2/uu-no-24-tahun-2004_terjemah,N
uu-no-24-tahun-2011,https://peraturan.go.id/terjemahresmi/uu-no-24-tahun-2011,https://peraturan.go.id/files2/uu-no-24-tahun-2011_terjemah,N
uu-no-24-tahun-2014,https://peraturan.go.id/terjemahresmi/uu-no-24-tahun-2014,https://peraturan.go.id/files2/uu-no-24-tahun-2014_terjemah,N
uu-no-24-tahun-2017,https://peraturan.go.id/terjemahresmi/uu-no-24-tahun-2017,https://peraturan.go.id/files2/uu-no-24-tahun-2017_terjemah,N
uu-no-24-tahun-2019,https://peraturan.go.id/terjemahresmi/uu-no-24-tahun-2019,https://peraturan.go.id/files2/uu-no-24-tahun-2019_terjemah,N
uu-no-25-tahun-1992,https://peraturan.go.id/terjemahresmi/uu-no-25-tahun-1992,https://peraturan.go.id/files2/uu-no-25-tahun-1992_terjemah,N
uu-no-25-tahun-2007,https://peraturan.go.id/terjemahresmi/uu-no-25-tahun-2007,https://peraturan.go.id/files2/uu-no-25-tahun-2007_terjemah,N
uu-no-26-tahun-2000,https://peraturan.go.id/terjemahresmi/uu-no-26-tahun-2000,https://peraturan.go.id/files2/uu-no-26-tahun-2000_terjemah,N
uu-no-27-tahun-2007,https://peraturan.go.id/terjemahresmi/uu-no-27-tahun-2007,https://peraturan.go.id/files2/uu-no-27-tahun-2007_terjemah,N
uu-no-28-tahun-2004,https://peraturan.go.id/terjemahresmi/uu-no-28-tahun-2004,https://peraturan.go.id/files2/uu-no-28-tahun-2004_terjemah,N
uu-no-28-tahun-2014,https://peraturan.go.id/terjemahresmi/uu-no-28-tahun-2014,https://peraturan.go.id/files2/uu-no-28-tahun-2014_terjemah,N
uu-no-3-tahun-2014,https://peraturan.go.id/terjemahresmi/uu-no-3-tahun-2014,https://peraturan.go.id/files2/uu-no-3-tahun-2014_terjemah,N
uu-no-3-tahun-2022,https://peraturan.go.id/terjemahresmi/uu-no-3-tahun-2022,https://peraturan.go.id/files2/uu-no-3-tahun-2022_terjemah,N
uu-no-30-tahun-1999,https://peraturan.go.id/terjemahresmi/uu-no-30-tahun-1999,https://peraturan.go.id/files2/uu-no-30-tahun-1999_terjemah,N
uu-no-31-tahun-2004,https://peraturan.go.id/terjemahresmi/uu-no-31-tahun-2004,https://peraturan.go.id/files2/uu-no-31-tahun-2004_terjemah,N
uu-no-31-tahun-2009,https://peraturan.go.id/terjemahresmi/uu-no-31-tahun-2009,https://peraturan.go.id/files2/uu-no-31-tahun-2009_terjemah,N
uu-no-32-tahun-2014,https://peraturan.go.id/terjemahresmi/uu-no-32-tahun-2014,https://peraturan.go.id/files2/uu-no-32-tahun-2014_terjemah,N
uu-no-34-tahun-2014,https://peraturan.go.id/terjemahresmi/uu-no-34-tahun-2014,https://peraturan.go.id/files2/uu-no-34-tahun-2014_terjemah,N
uu-no-37-tahun-2008,https://peraturan.go.id/terjemahresmi/uu-no-37-tahun-2008,https://peraturan.go.id/files2/uu-no-37-tahun-2008_terjemah,N
uu-no-39-tahun-1999,https://peraturan.go.id/terjemahresmi/uu-no-39-tahun-1999,https://peraturan.go.id/files2/uu-no-39-tahun-1999_terjemah,N
uu-no-4-tahun-2009,https://peraturan.go.id/terjemahresmi/uu-no-4-tahun-2009,https://peraturan.go.id/files2/uu-no-4-tahun-2009_terjemah,N
uu-no-4-tahun-2011,https://peraturan.go.id/terjemahresmi/uu-no-4-tahun-2011,https://peraturan.go.id/files2/uu-no-4-tahun-2011_terjemah,N
uu-no-40-tahun-2004,https://peraturan.go.id/terjemahresmi/uu-no-40-tahun-2004,https://peraturan.go.id/files2/uu-no-40-tahun-2004_terjemah,N
uu-no-40-tahun-2008,https://peraturan.go.id/terjemahresmi/uu-no-40-tahun-2008,https://peraturan.go.id/files2/uu-no-40-tahun-2008_terjemah,N
uu-no-41-tahun-2004,https://peraturan.go.id/terjemahresmi/uu-no-41-tahun-2004,https://peraturan.go.id/files2/uu-no-41-tahun-2004_terjemah,N
uu-no-42-tahun-1999,https://peraturan.go.id/terjemahresmi/uu-no-42-tahun-1999,https://peraturan.go.id/files2/uu-no-42-tahun-1999_terjemah,N
uu-no-43-tahun-2007,https://peraturan.go.id/terjemahresmi/uu-no-43-tahun-2007,https://peraturan.go.id/files2/uu-no-43-tahun-2007_terjemah,N
uu-no-45-tahun-2009,https://peraturan.go.id/terjemahresmi/uu-no-45-tahun-2009,https://peraturan.go.id/files2/uu-no-45-tahun-2009_terjemah,N
uu-no-5-tahun-1960,https://peraturan.go.id/terjemahresmi/uu-no-5-tahun-1960,https://peraturan.go.id/files2/uu-no-5-tahun-1960_terjemah,N
uu-no-5-tahun-1999,https://peraturan.go.id/terjemahresmi/uu-no-5-tahun-1999,https://peraturan.go.id/files2/uu-no-5-tahun-1999_terjemah,N
uu-no-5-tahun-2023,https://peraturan.go.id/terjemahresmi/uu-no-5-tahun-2023,https://peraturan.go.id/files2/uu-no-5-tahun-2023_terjemah,N
uu-no-6-tahun-2011,https://peraturan.go.id/terjemahresmi/uu-no-6-tahun-2011,https://peraturan.go.id/files2/uu-no-6-tahun-2011_terjemah,N
uu-no-63-tahun-2008,https://peraturan.go.id/terjemahresmi/uu-no-63-tahun-2008,https://peraturan.go.id/files2/uu-no-63-tahun-2008_terjemah,N
uu-no-8-tahun-2010,https://peraturan.go.id/terjemahresmi/uu-no-8-tahun-2010,https://peraturan.go.id/files2/uu-no-8-tahun-2010_terjemah,N
uu-no-8-tahun-2016,https://peraturan.go.id/terjemahresmi/uu-no-8-tahun-2016,https://peraturan.go.id/files2/uu-no-8-tahun-2016_terjemah,N
uu-no-9-tahun-2016,https://peraturan.go.id/terjemahresmi/uu-no-9-tahun-2016,https://peraturan.go.id/files2/uu-no-9-tahun-2016_terjemah,N
uu-no-9-tahun-2017,https://peraturan.go.id/terjemahresmi/uu-no-9-tahun-2017,https://peraturan.go.id/files2/uu-no-9-tahun-2017_terjemah,N
